"uniqueID","mediaTitle","category","year","countryOrigin","genre","peopleScore","criticScore"
"sqm121800031m4","Just a Breath Away","Movie",NA,NA,NA,NA,NA
"sqm121800003m4","Love Actually","Movie",NA,NA,NA,NA,NA
"sqm121800022h7","The Predator","Movie",NA,NA,NA,NA,NA
"sqm121800026m4","Papillon","Movie",NA,NA,NA,NA,NA
"sqm121800019m4","BlacKkKlansman","Movie",NA,NA,NA,NA,NA
"sqm121800001m4","Daddy's Home 2","Movie",NA,NA,NA,NA,NA
"sqm121800021m4","Searching","Movie",NA,NA,NA,NA,NA
"sqm121800024m4","Sorry to Bother You","Movie",NA,NA,NA,NA,NA
"sqm121800060m4","Monstrum","Movie",NA,NA,NA,NA,NA
"sqm121800017h7","Crazy Rich Asians","Movie",NA,NA,NA,NA,NA
"sqm121800084m4","Arrival","Movie",NA,NA,NA,NA,NA
"sqm121800030m4","The New Romantic","Movie",NA,NA,NA,NA,NA
"sqm121800068m4","Cloudy With A Chance Of Meatballs","Movie",NA,NA,NA,NA,NA
"sqm121800065m4","Arthur Christmas","Movie",NA,NA,NA,NA,NA
"sqm121800077m4","The Descendants","Movie",NA,NA,NA,NA,NA
"sqm121800039m4","Genghis Khan","Movie",NA,NA,NA,NA,NA
"sqm121800023m4","Mile 22","Movie",NA,NA,NA,NA,NA
"sqm121800020m4","Alpha","Movie",NA,NA,NA,NA,NA
"sqm121800042m4","L Storm","Movie",NA,NA,NA,NA,NA
"sqm121800052m4","Happy Phirr Bhag Jayegi","Movie",NA,NA,NA,NA,NA
"sqm121800009m4","Indochina","Movie",NA,NA,NA,NA,NA
"sqm121800038m4","Big Brother","Movie",NA,NA,NA,NA,NA
"sqm121800046m4","Gintama 2:  Rules Are Made To Be Broken","Movie",NA,NA,NA,NA,NA
"sqm121800018h7","Christopher Robin","Movie",NA,NA,NA,NA,NA
"sqm121800061m4","On Your Wedding Day","Movie",NA,NA,NA,NA,NA
"sqm121800072m4","Predator","Movie",NA,NA,NA,NA,NA
"sqm121800050m4","Aiyaary","Movie",NA,NA,NA,NA,NA
"sqm121800066m4","The Polar Express","Movie",NA,NA,NA,NA,NA
"sqm121800025m4","The Children Act","Movie",NA,NA,NA,NA,NA
"sqm121800067m4","Storks","Movie",NA,NA,NA,NA,NA
"sqm121800047m4","Life in Overtime","Movie",NA,NA,NA,NA,NA
"sqm121800032m4","The Magic Tuche","Movie",NA,NA,NA,NA,NA
"sqm121800048m4","My Dad is a Heel Wrestler","Movie",NA,NA,NA,NA,NA
"sqm121800034m4","In the Aisles","Movie",NA,NA,NA,NA,NA
"sqm121800036m4","The Girl in the Fog","Movie",NA,NA,NA,NA,NA
"sqm121800044m4","Monkey King Reloaded","Movie",NA,NA,NA,NA,NA
"sqm121800011m4","Parched","Movie",NA,NA,NA,NA,NA
"sqm121800064m4","The Nightmare Before Christmas","Movie",NA,NA,NA,NA,NA
"sqm121800079m4","Hairspray","Movie",NA,NA,NA,NA,NA
"sqm121800045m4","The Way of the Bug","Movie",NA,NA,NA,NA,NA
"sqm121800074m4","Pick of the Litter","Movie",NA,NA,NA,NA,NA
"sqm121800004m4","Elf","Movie",NA,NA,NA,NA,NA
"sqm121800069m4","The Lion King","Movie",NA,NA,NA,NA,NA
"sqm121800040m4","House of the Rising Sons","Movie",NA,NA,NA,NA,NA
"sqm121800085m4","Jackie","Movie",NA,NA,NA,NA,NA
"sqm121800073m4","Predators","Movie",NA,NA,NA,NA,NA
"sqm121800028m4","The Man Who Invented Christmas","Movie",NA,NA,NA,NA,NA
"sqm121800033m4","Raising Colors","Movie",NA,NA,NA,NA,NA
"sqm121800027m4","The Wife","Movie",NA,NA,NA,NA,NA
"sqm121800078m4","The Nice Guys","Movie",NA,NA,NA,NA,NA
"sqm121800054m4","Abrahaminte Santhathikal","Movie",NA,NA,NA,NA,NA
"sqm121800006m4","The Queen","Movie",NA,NA,NA,NA,NA
"sqm121800053m4","Junga","Movie",NA,NA,NA,NA,NA
"sqm121800029m4","An American in Paris: The Musical","Movie",NA,NA,NA,NA,NA
"sqm121800049m4","Think Again, Junpei","Movie",NA,NA,NA,NA,NA
"sqm121800076m4","CinemAbility","Movie",NA,NA,NA,NA,NA
"sqm121800075m4","Far from the Tree","Movie",NA,NA,NA,NA,NA
"sqm121800082m4","John Wick","Movie",NA,NA,NA,NA,NA
"sqm121800051m4","Fukrey Returns","Movie",NA,NA,NA,NA,NA
"sqm121800041m4","The Island","Movie",NA,NA,NA,NA,NA
"sqm121800180m4","Gwen Stefani: You Make It Feel Like Christmas","Movie",NA,NA,NA,NA,NA
"sqm121800043m4","Long Time No Sea","Movie",NA,NA,NA,NA,NA
"sqm121800035m4","Playmaker","Movie",NA,NA,NA,NA,NA
"sqm121800059m4","Along with the Gods: The last 49 days","Movie",NA,NA,NA,NA,NA
"sqm121800070m4","Winnie the Pooh","Movie",NA,NA,NA,NA,NA
"sqm121800008m4","The Wizard of Oz (1939)","Movie",NA,NA,NA,NA,NA
"sqm121800080m4","Bernie","Movie",NA,NA,NA,NA,NA
"sqm121800002m4","Daddy's Home","Movie",NA,NA,NA,NA,NA
"sqm121800092m4","Dallas Buyers Club","Movie",NA,NA,NA,NA,NA
"sqm121800081m4","Smallfoot","Movie",NA,NA,NA,NA,NA
"sqm121800071m4","James and the Giant Peach","Movie",NA,NA,NA,NA,NA
"sqm121800007m4","It's a Wonderful Life","Movie",NA,NA,NA,NA,NA
"sqm121800005m4","Spotlight","Movie",NA,NA,NA,NA,NA
"sqm121800089m4","TRON: Legacy","Movie",NA,NA,NA,NA,NA
"sqm121800056m4","Balu Mahi","Movie",NA,NA,NA,NA,NA
"sqm121800037m4","The Best Summer of My Life","Movie",NA,NA,NA,NA,NA
"sqm121800094m4","Brooklyn","Movie",NA,NA,NA,NA,NA
"sqm121800093m4","Carol","Movie",NA,NA,NA,NA,NA
"sqm121800090m4","8 Mile","Movie",NA,NA,NA,NA,NA
"sqm121800058m4","Nikka Zaildar 2","Movie",NA,NA,NA,NA,NA
"sqm121800083m4","John Wick: Chapter 2","Movie",NA,NA,NA,NA,NA
"sqm121800086m4","Elle","Movie",NA,NA,NA,NA,NA
"sqm121800087m4","Speed","Movie",NA,NA,NA,NA,NA
"sqm061800102m4","The Green Mile","Movie",1999,"USA","Drama","8.50","4.30"
"sqm061800103m4","Fiddler on the Roof","Movie",1971,"USA","Family","8.00","4.00"
"sqm061800104m4","Snowpiercer","Movie",2013,"KOR","Action","7.00","3.50"
"sqm061800105m4","Scent of a Woman (1992)","Movie",1992,"USA","Drama","8.00","4.00"
"sqm061800106m4","The Blind Side","Movie",2009,"USA","Drama","7.70","3.90"
"sqm061800107m4","A Beautiful Mind","Movie",2001,"USA","Drama","8.20","4.10"
"sqm061800108m4","Easy A","Movie",2010,"2010","Comedy","Comedy","After a little white lie about losing her virginity gets out, a clean cut high school girl sees her life paralleling Hester Prynne's in The Scarlet Letter."",,734382,http://videos.singaporeair.com/i/SQ1806_easya_apptrailer.mp4/master.m3u43,USA,7.10,3.60
734382,1,""Easy A (T)"
"sqm061800109m4","Stardust (2007)","Movie",2007,"USA","Family","7.70","3.90"
"sqm061800110m4","Napoleon Dynamite","Movie",2004,"USA","Comedy","6.90","3.50"
"sqm071800001m4","Pacific Rim: Uprising","Movie",2018,"USA","Action","5.90","3.00"
"sqm071800005m4","Blockers","Movie",2018,"USA","Comedy","6.70","3.40"
"sqm071800006m4","Sherlock Gnomes","Movie",2018,"GBR","Family","4.80","2.40"
"sqm071800007m4","Unsane","Movie",2018,"USA","Thriller","6.80","3.40"
"sqm071800008m4","Anon","Movie",2018,"DEU","Thriller","0.00","0.00"
"sqm071800009m4","The Leisure Seeker","Movie",2017,"ITA","Drama","6.60","3.30"
"sqm071800010m4","Gemini","Movie",2017,"USA","Thriller","6.20","3.10"
"sqm071800011m4","Permission","Movie",2017,"USA","Drama","5.30","2.70"
"sqm071800012m4","The Pretend One","Movie",2017,"AUS","Drama","0.00","0.00"
"sqm071800013m4","Finding Mom (Momo)","Movie",2017,"FRA","Comedy","4.80","2.40"
"sqm071800014m4","The Full House","Movie",2018,"FRA","Comedy","5.40","2.70"
"sqm071800015m4","The Prayer","Movie",2018,"FRA","Drama","7.40","3.70"
"sqm071800016m4","Suck Me Shakespeer 3","Movie",2017,"DEU","Comedy","5.40","2.70"
"sqm071800017m4","I Can Quit Whenever I Want: Ad Honorem","Movie",2017,"ITA","Comedy","7.00","3.50"
"sqm071800018m4","Empowered","Movie",2018,"ESP","Comedy","7.00","3.50"
"sqm071800019m4","Agent Mr Chan","Movie",2018,"HKG","Comedy","5.30","2.70"
"sqm071800020m4","Girls vs Gangsters","Movie",2018,"CHN","Comedy","3.80","1.90"
"sqm071800021m4","The Monkey King 3","Movie",2018,"CHN","Adventure","5.40","2.70"
"sqm071800022m4","Operation Red Sea","Movie",2018,"CHN","Action","7.40","3.70"
"sqm071800023m4","Turn Around","Movie",2017,"TWN","Drama","6.70","3.40"
"sqm071800024m4","Chihayafuru Part 3","Movie",2018,"JPN","Drama","0.00","0.00"
"sqm071800025m4","Doraemon the Movie: Nobita’s Treasure Island","Movie",2018,"JPN","Animation","0.00","0.00"
"sqm071800026m4","Oh Lucy!","Movie",2017,"JPN","Comedy","0.00","0.00"
"sqm071800027m4","The Lies She Loved","Movie",2017,"JPN","Mystery","0.00","0.00"
"sqm071800028m4","Detective K: Secret of the Living Dead","Movie",2018,"KOR","Drama","5.80","2.90"
"sqm071800029m4","What a Man Wants","Movie",2018,"KOR","Drama","8.10","4.10"
"sqm071800030m4","True Fiction","Movie",2018,"KOR","Drama","8.10","4.10"
"sqm071800031m4","Ana Anak Ibu","Movie",2017,"MYS","Drama","0.00","0.00"
"sqm071800032m4","Posesif","Movie",2017,"IDN","Drama","7.60","3.80"
"sqm071800033m4","Bareilly Ki Barfi","Movie",2017,"IND","Comedy","7.50","3.80"
"sqm071800034m4","Raid","Movie",2018,"IND","Action","7.70","3.90"
"sqm071800035m4","Jagga Jasoos","Movie",2017,"IND","Comedy","6.50","3.30"
"sqm071800036m4","Thaanaa Serndha Koottam","Movie",2018,"IND","Action","7.30","3.70"
"sqm071800037m4","Aamhi Doghi","Movie",2018,"IND","Drama","8.00","4.00"
"sqm071800038m4","Billu Rakkhosh","Movie",2017,"IND","Drama","7.10","3.60"
"sqm071800039m4","Karsandas Pay and Use","Movie",2017,"IND","Comedy","7.80","3.90"
"sqm071800040m4","Krazzy Tabbar","Movie",2017,"IND","Comedy","5.30","2.70"
"sqm071800041m4","Fein Albi","Movie",2017,"EGY","Comedy","0.00","0.00"
"sqm071800042m4","Habbet Caramel","Movie",2018,"LBN","Comedy","7.90","4.00"
"sqm071800002h7","Tomb Raider (2018)","Movie",2018,"USA","Action","6.80","3.40"
"sqm071800003h7","Isle of Dogs","Movie",2018,"USA","Comedy","8.20","4.10"
"sqm071800004h7","The Commuter","Movie",2018,"GBR","Action","6.30","3.20"
"sqm081800001h7","Avengers: Infinity War","Movie",2018,"USA","Action","8.80","4.40"
"sqm081800002h7","Ready Player One","Movie",2018,"USA","Action","7.80","3.90"
"sqm081800003h7","A Quiet Place","Movie",2018,"USA","Thriller","8.00","4.00"
"sqm081800004m4","Rampage","Movie",2018,"USA","Action","6.50","3.30"
"sqm081800005m4","Backstabbing for Beginners","Movie",2018,"DNK","Drama","6.00","3.00"
"sqm081800006m4","I Kill Giants","Movie",2017,"BEL","Drama","6.40","3.20"
"sqm081800007m4","Lean on Pete","Movie",2017,"GBR","Drama","7.40","3.70"
"sqm081800008m4","The Miracle Season","Movie",2018,"USA","Drama","6.30","3.20"
"sqm081800009m4","Tully","Movie",2018,"USA","Drama","7.40","3.70"
"sqm081800010m4","Zoo","Movie",2018,"IRL","Family","8.20","4.10"
"sqm081800011m4","The Jungle Bunch","Movie",2017,"FRA","Family","5.00","2.50"
"sqm081800012m4","Belle and Sebastian, Friends for Life","Movie",2017,"FRA","Family","6.30","3.20"
"sqm081800013m4","La ch'tite famille","Movie",2018,"FRA","Comedy","5.70","2.90"
"sqm081800014m4","Carbone","Movie",2017,"FRA","Thriller","6.80","3.40"
"sqm081800015m4","A Jar Full of Life","Movie",2018,"DEU","Comedy","4.80","2.40"
"sqm081800016m4","Back Home","Movie",2018,"ITA","Comedy","5.00","2.50"
"sqm081800017m4","Road to Mars","Movie",2017,"MEX","Comedy","5.50","2.80"
"sqm081800018m4","London Love Story 2","Movie",2017,"IDN","Drama","0.00","0.00"
"sqm081800019m4","You & Me XXX","Movie",2017,"THA","Drama","0.00","0.00"
"sqm081800020m4","Furious","Movie",2017,"RUS","Action","6.30","3.20"
"sqm081800021m4","A Beautiful Moment","Movie",2018,"HKG","Comedy","7.10","3.60"
"sqm081800022m4","Concerto of the Bully","Movie",2018,"HKG","Comedy","6.70","3.40"
"sqm081800023m4","Detective Chinatown 2","Movie",2018,"CHN","Comedy","6.20","3.10"
"sqm081800024m4","A House of Happiness","Movie",2018,"MYS","Comedy","0.00","0.00"
"sqm081800025m4","Somewhere Beyond the Mist","Movie",2018,"HKG","Drama","6.00","3.00"
"sqm081800026m4","Crayon Shinchan the movie: Bakumori! Kung Fu Boys -Ramen Panic-","Movie",2018,"JPN","Comedy","0.00","0.00"
"sqm081800027m4","Kids On The Slope","Movie",2018,"JPN","Drama","7.90","4.00"
"sqm081800028m4","Last Hold!","Movie",2018,"JPN","Drama","0.00","0.00"
"sqm081800029m4","Marmalade Boy","Movie",2018,"JPN","Drama","0.00","0.00"
"sqm081800030m4","Summer Blooms","Movie",2017,"JPN","Drama","4.50","2.30"
"sqm081800031m4","Golden Slumber","Movie",2018,"KOR","Action","0.00","0.00"
"sqm081800032m4","The Princess and the Matchmaker","Movie",2018,"KOR","Epic","0.00","0.00"
"sqm081800033m4","Be With You","Movie",2018,"KOR","Drama","0.00","0.00"
"sqm081800034m4","Omok Girl","Movie",2018,"KOR","Drama","0.00","0.00"
"sqm081800035m4","102 Not Out","Movie",2018,"IND","Comedy","7.60","3.80"
"sqm081800036m4","Blackmail","Movie",2018,"IND","Action","7.20","3.60"
"sqm081800037m4","Lucknow Central","Movie",2017,"IND","Action","6.10","3.10"
"sqm081800038m4","Tiger Zinda Hai","Movie",2017,"IND","Action","6.30","3.20"
"sqm081800039m4","Aruvi","Movie",2016,"IND","Drama","9.00","4.50"
"sqm081800040m4","8969","Movie",2016,"PAK","Thriller","7.80","3.90"
"sqm081800041m4","College Kumar","Movie",2017,"IND","Comedy","7.40","3.70"
"sqm081800042m4","Malli Raava","Movie",2017,"IND","Drama","8.20","4.10"
"sqm081800043m4","Nilanjana","Movie",2017,"LKA","Family","0.00","0.00"
"sqm081800044m4","Ramaleela","Movie",2017,"IND","Drama","7.50","3.80"
"sqm081800045m4","Whispering Sands","Movie",2018,"TUN","Drama","8.40","4.20"
"sqm081800078m4","15 Shorts","Movie",NA,"SGP","Drama","0.00","0.00"
"sqm081800079m4","Ah Boys to Men 4","Movie",2017,"SGP","Action","5.50","2.80"
"sqm081800233m4","The 13th KKBOX Music Awards","Movie",2018,"TWN","Arts, Music & Culture","0.00","4.20"
"sqm081800234m4","Norah Jones: Live at Ronnie Scotts","Movie",2018,"GBR","Arts, Music & Culture","0.00","4.20"
"sqm091800001h7","Deadpool 2","Movie",2018,"USA","Action","8.10","4.10"
"sqm091800002h7","Solo: A Star Wars Story","Movie",2018,"USA","Action","7.20","3.60"
"sqm091800003h7","I Feel Pretty","Movie",2018,"USA","Comedy","4.80","2.40"
"sqm091800004m4","Mary and the Witch's Flower","Movie",2017,"JPN","Family","6.80","3.40"
"sqm091800005m4","American Animals","Movie",2018,"GBR","Drama","7.60","3.80"
"sqm091800006m4","The Seagull","Movie",2018,"USA","Drama","6.10","3.10"
"sqm091800007m4","Life of the Party","Movie",2018,"USA","Comedy","5.50","2.80"
"sqm091800008m4","Beast","Movie",2018,"GBR","Drama","7.10","3.60"
"sqm091800009m4","Please Stand By","Movie",2018,"USA","Comedy","6.70","3.40"
"sqm091800010m4","How to Talk to Girls at Parties","Movie",2018,"GBR","Comedy","7.60","3.80"
"sqm091800011m4","Little Pink House","Movie",2018,"CAN","Drama","5.90","3.00"
"sqm091800012m4","Edie","Movie",2018,"GBR","Drama","6.50","3.30"
"sqm091800013m4","White Fang","Movie",2018,"FRA","Animation","6.30","3.20"
"sqm091800014m4","Taxi 5","Movie",2018,"FRA","Action","5.30","2.70"
"sqm091800015m4","Place publique","Movie",2018,"FRA","Comedy","6.20","3.10"
"sqm091800016m4","Rolling to You","Movie",2018,"FRA","Comedy","5.90","3.00"
"sqm091800017m4","This Crazy Heart","Movie",2017,"DEU","Comedy","6.60","3.30"
"sqm091800018m4","Blessed Madness","Movie",2018,"ITA","Comedy","6.00","3.00"
"sqm091800019m4","Put Grandma in the Freezer","Movie",2018,"ITA","Comedy","6.20","3.10"
"sqm091800020m4","Hopelessly Devout","Movie",2018,"ESP","Comedy","7.10","3.60"
"sqm091800021m4","Strawberry Days","Movie",2017,"SWE","Drama","6.60","3.30"
"sqm091800022m4","Always Be With You","Movie",2017,"HKG","Thriller","5.60","2.80"
"sqm091800023m4","Dude's Manual","Movie",2018,"CHN","Comedy","6.50","3.30"
"sqm091800024m4","The Faces of My Gene","Movie",2018,"CHN","Drama","7.30","3.70"
"sqm091800025m4","I am Your Mom","Movie",2018,"CHN","Comedy","4.90","2.50"
"sqm091800026m4","The Leakers","Movie",2018,"HKG","Action","5.10","2.60"
"sqm091800027m4","50 First Kisses","Movie",2017,"JPN","Comedy","6.60","3.30"
"sqm091800028m4","My Little Monster","Movie",2018,"JPN","Comedy","8.50","4.30"
"sqm091800029m4","Recall","Movie",2018,"JPN","Drama","8.50","4.30"
"sqm091800030m4","What a Wonderful Family! 3: My Wife, My Life","Movie",2018,"JPN","Comedy","7.20","3.60"
"sqm091800031m4","Champion","Movie",2018,"KOR","Drama","6.40","3.20"
"sqm091800032m4","Home","Movie",2018,"KOR","Drama","0.00","0.00"
"sqm091800033m4","Unexpectedly Yours","Movie",2017,"PHL","Comedy","7.40","3.70"
"sqm091800034m4","Tazzeka","Movie",2018,"FRA","Comedy","0.00","0.00"
"sqm091800035m4","Baadshaho","Movie",2017,"IND","Action","5.00","2.50"
"sqm091800036m4","Hotel Salvation (Mukti Bhawan)","Movie",2017,"IND","Comedy","7.20","3.60"
"sqm091800037m4","Shaadi Mein Zaroor Aana","Movie",2017,"IND","Family","7.90","4.00"
"sqm091800038m4","Bharat Ennum Naan","Movie",2018,"IND","Thriller","0.00","0.00"
"sqm091800039m4","Chitthi","Movie",2018,"IND","Comedy","8.60","4.30"
"sqm091800040m4","Haami","Movie",2018,"IND","Drama","8.40","4.20"
"sqm091800041m4","Punjab Singh","Movie",2018,"IND","Drama","6.70","3.40"
"sqm091800077m4","Get Out","Movie",2017,"USA","Thriller","7.70","3.90"
"sqm091800078m4","The Hurt Locker","Movie",2008,"USA","Action/Drama","7.60","3.80"
"sqm091800079m4","Seven Pounds","Movie",2008,"USA","Drama","7.60","3.80"
"sqm091800080m4","October Sky","Movie",1999,"USA","Family","7.80","3.90"
"sqm091800081m4","Into the Wild","Movie",2007,"USA","Drama","8.10","4.10"
"sqm091800214m4","Pavarotti, un'emozione senza fine - 10th Anniversary Concert","Movie",2017,"ITA","Arts, Music & Culture","0.00","4.00"
"sqm091800215m4","BBC Proms: First Night of the Proms","Movie",2017,"GBR","Arts, Music & Culture","0.00","4.00"
"sqm091800216m4","Tchaikovsky: Pique Dame","Movie",2016,"DEU","Arts, Music & Culture","0.00","4.00"
"sqm091800217m4","Pablo Picasso at Pompeii – Parade & Pulcinella","Movie",2017,"SPA","Arts, Music & Culture","0.00","4.00"
"sqm091800218m4","The Biggest Weekend Part 1 - Ed Sheeran , Chvrches, Shawn Mendes…","Movie",2018,"GBR","Arts, Music & Culture","7.00","3.50"
"sqm091800219m4","The Biggest Weekend Part 2 - Sam Smith, Demi Lovato, Beck, 30 Seconds To Mars, Camila Cabello","Movie",2018,"GBR","Arts, Music & Culture","7.00","3.50"
"sqm091800220m4","Golden Melody Awards 2018金曲獎GMA","Movie",2018,"TAI","Arts, Music & Culture","0.00","0.00"
"sqm101800001m4","Jurassic World: Fallen Kingdom","Movie",2018,"United States of America(USA)","Action","6.60","3.30"
"sqm101800004m4","Hotel Transylvania 3","Movie",2018,"United States of America(USA)","Family","6.40","3.20"
"sqm101800006m4","Uncle Drew","Movie",2018,"United States of America(USA)","Comedy","5.70","2.90"
"sqm101800007m4","Annihilation","Movie",2018,"United States of America(USA)","Thriller","7.00","3.50"
"sqm101800008m4","Leave No Trace","Movie",2018,"United States of America(USA)","Drama","7.70","3.90"
"sqm101800009m4","You Were Never Really Here","Movie",2018,"United Kingdom of Great Britain and Northern Ireland(GBR)","Thriller","6.90","3.50"
"sqm101800010m4","Hearts Beat Loud","Movie",2018,"United States of America(USA)","Drama","7.10","3.60"
"sqm101800011m4","The Catcher Was a Spy","Movie",2018,"United States of America(USA)","Drama","6.00","3.00"
"sqm101800012m4","The Escape","Movie",2018,"United Kingdom of Great Britain and Northern Ireland(GBR)","Drama","5.80","2.90"
"sqm101800013m4","The Guernsey Literary and Potato Peel Pie Society","Movie",2018,"United Kingdom of Great Britain and Northern Ireland(GBR)","Drama","7.10","3.60"
"sqm101800014m4","The Mercy","Movie",2018,"United Kingdom of Great Britain and Northern Ireland(GBR)","Drama","6.00","3.00"
"sqm101800015m4","At War","Movie",2018,"France(FRA)","Drama","6.80","3.40"
"sqm101800016m4","Keep an Eye Out","Movie",2018,"France(FRA)","Comedy","6.90","3.50"
"sqm101800017m4","Mr. Know-It-All","Movie",2018,"France(FRA)","Comedy","6.60","3.30"
"sqm101800018m4","Cloud Whispers","Movie",2018,"Germany(DEU)","Drama","6.00","3.00"
"sqm101800019m4","There Is No Place Like Home","Movie",2018,"Italy(ITA)","Comedy","6.00","3.00"
"sqm101800020m4","Animal","Movie",2018,"Argentina(ARG)","Drama","6.50","3.30"
"sqm101800021m4","Going Vertical","Movie",2017,"Russian Federation(RUS)","Drama","6.70","3.40"
"sqm101800022m4","Playing Fiancé","Movie",2018,"Poland(POL)","Comedy","5.00","2.50"
"sqm101800023m4","Eternal Wave","Movie",2017,"China(CHN)","Drama","5.50","2.80"
"sqm101800024m4","GATAO 2- The New Leader Rising","Movie",2018,"Taiwan, Province of China(TWN)","Drama","6.70","3.40"
"sqm101800025m4","How Long Will I Love U","Movie",2018,"China(CHN)","Comedy","6.50","3.30"
"sqm101800026m4","Omotenashi","Movie",2018,"Taiwan, Province of China(TWN)","Drama","7.40","3.70"
"sqm101800027m4","Shed Skin Papa","Movie",2018,"Hong Kong(HKG)","Drama","5.80","2.90"
"sqm101800028m4","To My 19 Year Old","Movie",2018,"China(CHN)","Drama","0.00","0.00"
"sqm101800029m4","Two Wrongs Make A Right","Movie",2017,"Hong Kong(HKG)","Comedy","4.40","2.20"
"sqm101800030m4","The Unity of Heroes","Movie",2018,"China(CHN)","Martial Arts","0.00","0.00"
"sqm101800031m4","After The Rain","Movie",2018,"Japan(JPN)","Drama","8.30","4.20"
"sqm101800032m4","Detective Conan: Zero the Enforcer","Movie",2018,"Japan(JPN)","Animation","7.80","3.90"
"sqm101800033m4","OVER DRIVE","Movie",2018,"Japan(JPN)","Action","7.60","3.80"
"sqm101800034m4","Rainbow Days","Movie",2018,"Japan(JPN)","Drama","0.00","0.00"
"sqm101800035m4","Bhavesh Joshi Superhero","Movie",2018,"India(IND)","Action","7.60","3.80"
"sqm101800036m4","Ittefaq","Movie",2017,"India(IND)","Thriller","7.20","3.60"
"sqm101800037m4","Secret Superstar","Movie",2017,"India(IND)","Family","8.10","4.10"
"sqm101800038m4","Mersal","Movie",2017,"India(IND)","Action","8.20","4.10"
"sqm101800039m4","Dr. Nawariyan","Movie",2017,"Sri Lanka(LKA)","Family","7.40","3.70"
"sqm101800040m4","GujjuBhai - Most Wanted","Movie",2018,"India(IND)","Comedy","7.60","3.80"
"sqm101800041m4","Mayaanadhi","Movie",2017,"India(IND)","Drama","8.00","4.00"
"sqm101800042m4","Sudani from Nigeria","Movie",2018,"India(IND)","Comedy","8.60","4.30"
"sqm101800043m4","Tagaru","Movie",2018,"India(IND)","Action","8.40","4.20"
"sqm101800044m4","Believer","Movie",2018,"Korea (Republic of)(KOR)","Action","6.10","3.10"
"sqm101800045m4","The Accidental Detective 2: In ACTION","Movie",2018,"Korea (Republic of)(KOR)","Action","6.80","3.40"
"sqm101800046m4","The Witch: Part 1. The Subversion","Movie",2018,"Korea (Republic of)(KOR)","Action","7.30","3.70"
"sqm101800047m4","Go-Go Sisters","Movie",2018,"Viet Nam(VNM)","Comedy","7.70","3.90"
"sqm101800048m4","Bath Moubacher","Movie",2017,"Egypt(EGY)","Comedy","0.00","0.00"
"sqm101800049m4","The Incredibles","Movie",2004,"United States of America(USA)","Family","8.00","4.00"
"sqm101800050m4","Megamind","Movie",2010,"United States of America(USA)","Family","7.30","3.70"
"sqm101800051m4","The Road to El Dorado","Movie",2000,"United States of America(USA)","Family","6.90","3.50"
"sqm101800052m4","Song of the Sea","Movie",2014,"Ireland(IRL)","Family","8.10","4.10"
"sqm101800053m4","Anastasia (1997)","Movie",1997,"United States of America(USA)","Family","7.10","3.60"
"sqm101800054m4","Tarzan (1999)","Movie",1999,"United States of America(USA)","Family","7.20","3.60"
"sqm101800055m4","Hugo","Movie",2011,"United States of America(USA)","Drama","7.50","3.80"
"sqm101800056m4","Lemony Snicket's A Series of Unfortunate Events","Movie",2004,"United States of America(USA)","Family","6.80","3.40"
"sqm101800057m4","Gosford Park","Movie",2001,"United States of America(USA)","Comedy","7.30","3.70"
"sqm101800058m4","Notes on a Scandal","Movie",2006,"United States of America(USA)","Drama","7.40","3.70"
"sqm101800059m4","Babel","Movie",2006,"United States of America(USA)","Drama","7.50","3.80"
"sqm101800060m4","The Illusionist (2006)","Movie",2006,"United States of America(USA)","Drama","7.60","3.80"
"sqm101800061m4","The Prestige","Movie",2006,"United States of America(USA)","Drama","8.50","4.30"
"sqm101800062m4","Moon (2009)","Movie",2009,"United Kingdom of Great Britain and Northern Ireland(GBR)","Action","7.90","4.00"
"sqm101800063m4","Jurassic World","Movie",2015,"United States of America(USA)","Action","7.00","3.50"
"sqm101800064m4","Ocean's Eleven","Movie",2001,"United States of America(USA)","Comedy","7.80","3.90"
"sqm101800065m4","Now You See Me","Movie",2013,"United States of America(USA)","Action","7.30","3.70"
"sqm101800066m4","Inception","Movie",2010,"United States of America(USA)","Action","8.80","4.40"
"sqm101800067m4","How to Steal a Million (1966)","Movie",1966,"United States of America(USA)","Comedy","7.60","3.80"
"sqm101800068m4","Singin' in the Rain (1952)","Movie",1952,"United States of America(USA)","Family","8.30","4.20"
"sqm101800069m4","The Diving Bell and the Butterfly","Movie",2007,"France(FRA)","Drama","8.00","4.00"
"sqm101800070m4","Good Bye, Lenin!","Movie",2003,"Germany(DEU)","Comedy","7.70","3.90"
"sqm101800071m4","Go For It! India (Chak De India!)","Movie",2007,"India(IND)","Drama","8.20","4.10"
"sqm101800072m4","Holy Motors","Movie",2012,"France(FRA)","Drama","7.10","3.60"
"sqm101800073m4","Above & Beyond Acoustic: Giving Up the Day Job","Movie",2018,"United Kingdom of Great Britain and Northern Ireland(GBR)","Documentary","9.50","4.80"
"sqm101800074m4","The China Hustle","Movie",2017,"United States of America(USA)","Documentary","7.10","3.60"
"sqm101800075m4","Robin Williams: Come Inside My Mind","Movie",2018,"United States of America(USA)","Documentary","8.10","4.10"
"sqm101800002h7","Incredibles 2","Movie",2018,"United States of America(USA)","Family","8.20","4.10"
"sqm101800003h7","Ocean's 8","Movie",2018,"United States of America(USA)","Comedy","6.40","3.20"
"sqm101800005h7","Tag","Movie",2018,"United States of America(USA)","Comedy","6.90","3.50"
"sqm101800082m4","20, Once Again!","Movie",2015,"China(CHN)","Comedy/Drama","6.70","3.40"
"sqm101800083m4","Fight Back to School","Movie",1991,"China(CHN)","Drama","7.10","3.60"
"sqm101800084m4","Rangeela","Movie",1995,"India(IND)","Comedy","7.50","3.80"
"sqm101800085m4","Sing Street","Movie",2016,"Ireland(IRL)","Drama","8.00","4.00"
"sqm101800086m4","Ocean's Twelve","Movie",2004,"United States of America(USA)","Comedy","6.50","3.30"
"sqm101800087m4","Ocean's Thirteen","Movie",2007,"United States of America(USA)","Comedy","6.90","3.50"
"sqm101800088m4","Back to the Future","Movie",1985,"United States of America(USA)","Comedy","8.50","4.30"
"sqm101800089m4","Back to the Future II","Movie",1989,"United States of America(USA)","Comedy","7.80","3.90"
"sqm101800090m4","Back to the Future III","Movie",1990,"United States of America(USA)","Comedy","7.40","3.70"
"sqm101800091m4","Indiana Jones: Raiders of the Lost Ark","Movie",1981,"United States of America(USA)","Action","8.50","4.30"
"sqm101800092m4","Indiana Jones and the Temple of Doom","Movie",1984,"Belgium(BEL)","Action","7.60","3.80"
"sqm101800093m4","Indiana Jones and the Last Crusade","Movie",1989,"United States of America(USA)","Action","8.30","4.20"
"sqm101800094m4","Indiana Jones and the Kingdom of the Crystal Skull","Movie",2008,"United States of America(USA)","Action","6.20","3.10"
"sqm101800095m4","The Terminator (1984)","Movie",1984,"United States of America(USA)","Action","8.00","4.00"
"sqm101800096m4","Terminator 2: Judgment Day","Movie",1991,"United States of America(USA)","Action","8.50","4.30"
"sqm101800097m4","Terminator 3: Rise of the Machines","Movie",2003,"United States of America(USA)","Action","6.30","3.20"
"sqm101800098m4","Terminator Salvation","Movie",2009,"United States of America(USA)","Action","6.60","3.30"
"sqm101800099m4","Terminator Genisys","Movie",2015,"United States of America(USA)","Action","6.50","3.30"
"sqm101800100m4","The Bourne Identity","Movie",2002,"United States of America(USA)","Action","7.90","4.00"
"sqm101800101m4","The Bourne Supremacy","Movie",2004,"United States of America(USA)","Action","7.80","3.90"
"sqm101800102m4","The Bourne Ultimatum","Movie",2007,"United States of America(USA)","Action","8.00","4.00"
"sqm101800103m4","The Bourne Legacy","Movie",2012,"United States of America(USA)","Action","6.70","3.40"
"sqm101800104m4","Jason Bourne","Movie",2016,"United States of America(USA)","Action","6.60","3.30"
"sqm101800272m4","2018 hito流行音樂頒獎 2018 hito Music Awards","Movie",2018,"Taiwan, Province of China(TWN)","Arts, Music & Culture","0.00","4.00"
"sqm101800273m4","The Isle of Wight 2018","Movie",2018,"United Kingdom of Great Britain and Northern Ireland(GBR)","Arts, Music & Culture","0.00","4.00"
"sqm111800001h7","Ant-Man and the Wasp","Movie",2018,"USA","Action","7.50","3.80"
"sqm111800002h7","Mission: Impossible – Fallout","Movie",2018,"USA","Action","8.40","4.20"
"sqm111800003h7","The Meg","Movie",2018,"USA","Action","6.20","3.10"
"sqm111800004m4","Mamma Mia! Here We Go Again","Movie",2018,"GBR","Comedy","7.30","3.70"
"sqm111800005m4","Skyscraper","Movie",2018,"USA","Action","6.10","3.10"
"sqm111800006m4","The Equalizer 2","Movie",2018,"USA","Action","7.10","3.60"
"sqm111800007m4","Sicario: Day of the Soldado","Movie",2018,"USA","Drama","7.30","3.70"
"sqm111800008m4","The Spy Who Dumped Me","Movie",2018,"USA","Comedy","6.40","3.20"
"sqm111800009m4","Teen Titans Go! To the Movies","Movie",2018,"USA","Family","6.90","3.50"
"sqm111800010m4","The Darkest Minds","Movie",2018,"USA","Thriller","4.80","2.40"
"sqm111800011m4","Puzzle","Movie",2018,"USA","Drama","6.80","3.40"
"sqm111800012m4","The House of Tomorrow","Movie",2018,"USA","Drama","7.00","3.50"
"sqm111800013m4","Siberia","Movie",2018,"USA","Thriller","4.40","2.20"
"sqm111800014m4","Big Bang","Movie",2018,"FRA","Comedy","0.00","0.00"
"sqm111800015m4","Mon ket","Movie",2018,"FRA","Comedy","6.10","3.10"
"sqm111800016m4","Return of the Hero","Movie",2018,"FRA","Comedy","6.40","3.20"
"sqm111800017m4","303","Movie",2018,"DEU","Drama","8.00","4.00"
"sqm111800018m4","Jim Button and Luke the Engine Driver","Movie",2018,"DEU","Family","6.70","3.40"
"sqm111800019m4","Dogman","Movie",2018,"ITA","Drama","7.70","3.90"
"sqm111800020m4","Sara's Notebook","Movie",2018,"ESP","Thriller","6.00","3.00"
"sqm111800021m4","From Ufa with Love","Movie",2018,"RUS","Comedy","6.60","3.30"
"sqm111800022m4","The Guilty","Movie",2018,"Denmark","Thriller","7.90","4.00"
"sqm111800023m4","About Youth","Movie",2018,"TWN","Romance","0.00","0.00"
"sqm111800024m4","Animal World","Movie",2018,"CHN","Action","6.50","3.30"
"sqm111800025m4","Detective Dee: The Four Heavenly Kings","Movie",2018,"CHN","Action","6.40","3.20"
"sqm111800026m4","Forever Young","Movie",2018,"CHN","Drama","6.40","3.20"
"sqm111800027m4","Lobster Cop","Movie",2018,"CHN","Comedy","4.80","2.40"
"sqm111800028m4","The Forest of Wool and Steel","Movie",2018,"JPN","Drama","6.70","3.40"
"sqm111800029m4","Flea-picking Samurai","Movie",2018,"JPN","Comedy","6.90","3.50"
"sqm111800030m4","One Cut of the Dead","Movie",2017,"JPN","Comedy","7.90","4.00"
"sqm111800031m4","Shoplifters","Movie",2018,"JPN","Drama","8.10","4.10"
"sqm111800032m4","Angrezi Mein Kehte Hain","Movie",2018,"IND","Drama","7.00","3.50"
"sqm111800033m4","Tumhari Sulu","Movie",2017,"IND","Comedy","7.00","3.50"
"sqm111800034m4","Bhaskar Oru Rascal","Movie",2018,"IND","Action","4.50","2.30"
"sqm111800035m4","Thiruttu Payale 2","Movie",2017,"IND","Thriller","6.80","3.40"
"sqm111800036m4","Agnyaathavaasi","Movie",2018,"IND","Action","5.10","2.60"
"sqm111800037m4","Bimba Devi alias Yashodhara","Movie",2018,"LKA","Drama","8.50","4.30"
"sqm111800038m4","Monkey Baat","Movie",2018,"IND","Family","0.00","0.00"
"sqm111800039m4","Ranangan","Movie",2018,"IND","Drama","5.50","2.80"
"sqm111800040m4","The Spy Gone North","Movie",2018,"KOR","Drama","6.50","3.30"
"sqm111800041m4","Love+Sling","Movie",2018,"KOR","Comedy","6.80","3.40"
"sqm111800042m4","Sid & Aya: Not A Love Story","Movie",2018,"PHL","Drama","7.80","3.90"
"sqm111800043m4","Al Kenz","Movie",2017,"EGY","Action","7.30","3.70"
"sqm111800044m4","The Spongebob Movie: Sponge Out of Water","Movie",2015,"USA","Family","6.00","3.00"
"sqm111800045m4","Frankenweenie","Movie",2012,"USA","Family","7.00","3.50"
"sqm111800046m4","Hercules","Movie",1997,"USA","Family","7.30","3.70"
"sqm111800047m4","Nanny McPhee","Movie",2005,"USA","Family","6.60","3.30"
"sqm111800048m4","Ant-Man","Movie",2015,"USA","Action","7.30","3.70"
"sqm111800049m4","Mission: Impossible - Ghost Protocol","Movie",2011,"USA","Action","7.40","3.70"
"sqm111800050m4","Mission: Impossible - Rogue Nation","Movie",2015,"USA","Action","7.40","3.70"
"sqm111800051m4","The Equalizer","Movie",2014,"USA","Action","7.20","3.60"
"sqm111800052m4","Sicario","Movie",2015,"USA","Action","7.60","3.80"
"sqm111800053m4","Mamma Mia!","Movie",2008,"USA","Comedy","6.40","3.20"
"sqm111800054m4","Begin Again","Movie",2013,"USA","Drama","7.40","3.70"
"sqm111800055m4","Fences","Movie",2016,"USA","Drama","7.20","3.60"
"sqm111800056m4","Erin Brockovich","Movie",2000,"USA","Drama","7.30","3.70"
"sqm111800057m4","The Immigrant","Movie",2013,"USA","Drama","6.60","3.30"
"sqm111800058m4","The Big Short","Movie",2015,"USA","Drama","7.80","3.90"
"sqm111800059m4","The Lady in the Van","Movie",2015,"GBR","Drama","6.70","3.40"
"sqm111800060m4","Gigi (1958)","Movie",1958,"USA","Comedy","6.80","3.40"
"sqm111800061m4","On the Waterfront (1954)","Movie",1954,"USA","Drama","8.20","4.10"
"sqm111800062m4","From Here to Eternity (1953)","Movie",1953,"USA","Drama","7.70","3.90"
"sqm111800063m4","So Young","Movie",2013,"CHN","Drama","6.40","3.20"
"sqm111800064m4","The Magic Hour","Movie",NA,"JPN","Comedy","7.20","3.60"
"sqm111800065m4","A Ghost of a Chance","Movie",2011,"JPN","Comedy","7.10","3.60"
"sqm111800066m4","Paprika","Movie",2006,"JPN","Animation","7.70","3.90"
"sqm111800067m4","Mother","Movie",2009,"KOR","Thriller","7.80","3.90"
"sqm111800068m4","Queen of Walking","Movie",2016,"KOR","Comedy","6.40","3.20"
"sqm111800069m4","My Love Sinema","Movie",2016,"SGP","Drama","6.50","3.30"
"sqm111800070m4","My Magic","Movie",2008,"SGP","Drama","6.40","3.20"
"sqm111800071m4","Mystic River","Movie",2010,"USA","Drama","7.20","3.60"
"sqm111800072m4","Tombstone for Fireflies","Movie",NA,"JPN","Animation","0.00","0.00"
"sqm111800073m4","Half the Picture","Movie",2018,"USA","Documentary","6.90","3.50"
"sqm111800074m4","Strokes of Genius","Movie",2018,"USA","Documentary","8.00","4.00"
"sqm111800075m4","All the Wild Horses","Movie",2017,"MNG","Documentary","8.60","4.30"
"sqm111800081m4","An American in Paris: The Musical","Movie",2018,"GBR","Musical","8.10","4.10"
"sqm111800180m4","Andrew Litton & SSO: Beethoven Triple Concerto in C","Movie",2017,"SGP","Arts, Music & Culture","0.00","4.00"
"sqm111800181m4","Landmarks Live in Concert - The Foo Fighters: The Acropolis / Athens, Greece","Movie",2017,"GBR","Arts, Music & Culture","0.00","4.20"
