"uniqueID","mediaTitle","category","year","countryOrigin","genre","peopleScore","criticScore","imdbID","runtimeMinutes","imdbRating","imdbVotes"
"sqm061800102m4","The Green Mile","Movie",1999,"USA","Drama",8.5,4.3,"tt0120689",189,8.5,989548
"sqm061800103m4","Fiddler on the Roof","Movie",1971,"USA","Family",8,4,"tt0067093",181,8,34592
"sqm061800104m4","Snowpiercer","Movie",2013,"KOR","Action",7,3.5,"tt1706620",126,7.1,231590
"sqm061800105m4","Scent of a Woman (1992)","Movie",1992,"USA","Drama",8,4,"tt0105323",156,8,228385
"sqm061800106m4","The Blind Side","Movie",2009,"USA","Drama",7.7,3.9,"tt0878804",129,7.7,262741
"sqm061800107m4","A Beautiful Mind","Movie",2001,"USA","Drama",8.2,4.1,"tt0268978",135,8.2,757011
"sqm061800108m4","Easy A","Movie",2010,"2010","Comedy",NA,NA,"tt1282140",92,7.1,324797
"sqm061800109m4","Stardust (2007)","Movie",2007,"USA","Family",7.7,3.9,"tt0486655",127,7.7,236912
"sqm061800110m4","Napoleon Dynamite","Movie",2004,"USA","Comedy",6.9,3.5,"tt0374900",96,6.9,181779
"sqm071800001m4","Pacific Rim: Uprising","Movie",2018,"USA","Action",5.9,3,"tt2557478",111,5.6,83744
"sqm071800005m4","Blockers","Movie",2018,"USA","Comedy",6.7,3.4,"tt2531344",102,6.2,52077
"sqm071800006m4","Sherlock Gnomes","Movie",2018,"GBR","Family",4.8,2.4,"tt2296777",86,5.1,7109
"sqm071800007m4","Unsane","Movie",2018,"USA","Thriller",6.8,3.4,"tt7153766",98,6.4,28941
"sqm071800008m4","Anon","Movie",2018,"DEU","Thriller",0,0,"tt5397194",100,6.1,26751
"sqm071800009m4","The Leisure Seeker","Movie",2017,"ITA","Drama",6.6,3.3,"tt3741632",112,6.6,4788
"sqm071800011m4","Permission","Movie",2017,"USA","Drama",5.3,2.7,"tt5390066",96,5.3,2849
"sqm071800012m4","The Pretend One","Movie",2017,"AUS","Drama",0,0,"tt4839458",86,6.5,102
"sqm071800014m4","The Full House","Movie",2018,"FRA","Comedy",5.4,2.7,"tt7533956",105,5.1,411
"sqm071800015m4","The Prayer","Movie",2018,"FRA","Drama",7.4,3.7,"tt7839456",107,6.9,624
"sqm071800016m4","Suck Me Shakespeer 3","Movie",2017,"DEU","Comedy",5.4,2.7,"tt6471264",120,5.4,3391
"sqm071800017m4","I Can Quit Whenever I Want: Ad Honorem","Movie",2017,"ITA","Comedy",7,3.5,"tt5897292",98,6.9,1416
"sqm071800018m4","Empowered","Movie",2018,"ESP","Comedy",7,3.5,"tt6981702",87,6.1,1309
"sqm071800019m4","Agent Mr Chan","Movie",2018,"HKG","Comedy",5.3,2.7,"tt7759626",101,5.1,321
"sqm071800020m4","Girls vs Gangsters","Movie",2018,"CHN","Comedy",3.8,1.9,"tt7870578",120,3.4,129
"sqm071800021m4","The Monkey King 3","Movie",2018,"CHN","Adventure",5.4,2.7,"tt6466464",114,5.5,901
"sqm071800022m4","Operation Red Sea","Movie",2018,"CHN","Action",7.4,3.7,"tt6878882",142,6.8,4118
"sqm071800023m4","Turn Around","Movie",2017,"TWN","Drama",6.7,3.4,"tt6879340",108,6.7,64
"sqm071800024m4","Chihayafuru Part 3","Movie",2018,"JPN","Drama",0,0,"tt6821870",NA,7.6,202
"sqm071800026m4","Oh Lucy!","Movie",2017,"JPN","Comedy",0,0,"tt6343058",95,6.8,2033
"sqm071800027m4","The Lies She Loved","Movie",2017,"JPN","Mystery",0,0,"tt6733368",117,6.3,199
"sqm071800028m4","Detective K: Secret of the Living Dead","Movie",2018,"KOR","Drama",5.8,2.9,"tt7108976",120,6.1,256
"sqm071800029m4","What a Man Wants","Movie",2018,"KOR","Drama",8.1,4.1,"tt8108278",100,6.3,177
"sqm071800030m4","True Fiction","Movie",2018,"KOR","Drama",8.1,4.1,"tt8383656",102,6,46
"sqm071800032m4","Posesif","Movie",2017,"IDN","Drama",7.6,3.8,"tt7541708",102,7.5,504
"sqm071800033m4","Bareilly Ki Barfi","Movie",2017,"IND","Comedy",7.5,3.8,"tt6967980",116,7.5,12011
"sqm071800034m4","Raid","Movie",2018,"IND","Action",7.7,3.9,"tt7363076",122,7.4,10780
"sqm071800035m4","Jagga Jasoos","Movie",2017,"IND","Comedy",6.5,3.3,"tt4129428",161,6.4,7736
"sqm071800036m4","Thaanaa Serndha Koottam","Movie",2018,"IND","Action",7.3,3.7,"tt6237966",138,7.1,4257
"sqm071800037m4","Aamhi Doghi","Movie",2018,"IND","Drama",8,4,"tt7748478",NA,7.7,137
"sqm071800039m4","Karsandas Pay and Use","Movie",2017,"IND","Comedy",7.8,3.9,"tt6771678",136,7.6,326
"sqm071800042m4","Habbet Caramel","Movie",2018,"LBN","Comedy",7.9,4,"tt7921302",107,6.3,53
"sqm071800002h7","Tomb Raider (2018)","Movie",2018,"USA","Action",6.8,3.4,"tt1365519",119,6.3,153752
"sqm071800003h7","Isle of Dogs","Movie",2018,"USA","Comedy",8.2,4.1,"tt5104604",101,7.9,96847
"sqm071800004h7","The Commuter","Movie",2018,"GBR","Action",6.3,3.2,"tt1590193",105,6.3,77219
"sqm081800001h7","Avengers: Infinity War","Movie",2018,"USA","Action",8.8,4.4,"tt4154756",149,8.5,586487
"sqm081800002h7","Ready Player One","Movie",2018,"USA","Action",7.8,3.9,"tt1677720",140,7.5,278955
"sqm081800003h7","A Quiet Place","Movie",2018,"USA","Thriller",8,4,"tt6644200",90,7.6,275136
"sqm081800004m4","Rampage","Movie",2018,"USA","Action",6.5,3.3,"tt2231461",107,6.1,106471
"sqm081800005m4","Backstabbing for Beginners","Movie",2018,"DNK","Drama",6,3,"tt5153288",108,6.2,2813
"sqm081800006m4","I Kill Giants","Movie",2017,"BEL","Drama",6.4,3.2,"tt4547194",106,6.2,22057
"sqm081800007m4","Lean on Pete","Movie",2017,"GBR","Drama",7.4,3.7,"tt5340300",121,7.2,7953
"sqm081800008m4","The Miracle Season","Movie",2018,"USA","Drama",6.3,3.2,"tt5427194",101,6.5,2805
"sqm081800009m4","Tully","Movie",2018,"USA","Drama",7.4,3.7,"tt5610554",95,7,36482
"sqm081800010m4","Zoo","Movie",2018,"IRL","Family",8.2,4.1,"tt7624934",95,7.3,43
"sqm081800011m4","The Jungle Bunch","Movie",2017,"FRA","Family",5,2.5,"tt6314690",97,5.1,546
"sqm081800012m4","Belle and Sebastian, Friends for Life","Movie",2017,"FRA","Family",6.3,3.2,"tt6449336",97,6.3,285
"sqm081800013m4","La ch'tite famille","Movie",2018,"FRA","Comedy",5.7,2.9,"tt6859418",107,5.7,2084
"sqm081800014m4","Carbone","Movie",2017,"FRA","Thriller",6.8,3.4,"tt6183834",104,6.6,1292
"sqm081800015m4","A Jar Full of Life","Movie",2018,"DEU","Comedy",4.8,2.4,"tt7333070",95,4.9,157
"sqm081800016m4","Back Home","Movie",2018,"ITA","Comedy",5,2.5,"tt6597246",103,5.4,243
"sqm081800017m4","Road to Mars","Movie",2017,"MEX","Comedy",5.5,2.8,"tt5164446",93,5.6,653
"sqm081800020m4","Furious","Movie",2017,"RUS","Action",6.3,3.2,"tt6054874",107,6.3,1948
"sqm081800022m4","Concerto of the Bully","Movie",2018,"HKG","Comedy",6.7,3.4,"tt7762772",96,6.2,106
"sqm081800023m4","Detective Chinatown 2","Movie",2018,"CHN","Comedy",6.2,3.1,"tt7752454",121,6.1,1160
"sqm081800024m4","A House of Happiness","Movie",2018,"MYS","Comedy",0,0,"tt8088086",99,7,7
"sqm081800028m4","Last Hold!","Movie",2018,"JPN","Drama",0,0,"tt7014382",90,4.9,8
"sqm081800029m4","Marmalade Boy","Movie",2018,"JPN","Drama",0,0,"tt7286500",NA,6.1,103
"sqm081800030m4","Summer Blooms","Movie",2017,"JPN","Drama",4.5,2.3,"tt7085058",93,5,34
"sqm081800031m4","Golden Slumber","Movie",2018,"KOR","Action",0,0,"tt6485776",108,5.9,343
"sqm081800032m4","The Princess and the Matchmaker","Movie",2018,"KOR","Epic",0,0,"tt5961314",110,6.3,214
"sqm081800035m4","102 Not Out","Movie",2018,"IND","Comedy",7.6,3.8,"tt6580564",102,7.5,4537
"sqm081800036m4","Blackmail","Movie",2018,"IND","Action",7.2,3.6,"tt6972140",138,7,6182
"sqm081800037m4","Lucknow Central","Movie",2017,"IND","Action",6.1,3.1,"tt5697870",133,6.1,2143
"sqm081800038m4","Tiger Zinda Hai","Movie",2017,"IND","Action",6.3,3.2,"tt5956100",161,6.1,18242
"sqm081800039m4","Aruvi","Movie",2016,"IND","Drama",9,4.5,"tt5867800",130,8.8,7870
"sqm081800040m4","8969","Movie",2016,"PAK","Thriller",7.8,3.9,"tt4024858",147,7.7,34
"sqm081800041m4","College Kumar","Movie",2017,"IND","Comedy",7.4,3.7,"tt6840738",141,7.5,68
"sqm081800042m4","Malli Raava","Movie",2017,"IND","Drama",8.2,4.1,"tt7684228",129,8.3,660
"sqm081800044m4","Ramaleela","Movie",2017,"IND","Drama",7.5,3.8,"tt6104268",158,7.3,1593
"sqm081800045m4","Whispering Sands","Movie",2018,"TUN","Drama",8.4,4.2,"tt6118442",95,8.3,20
"sqm081800079m4","Ah Boys to Men 4","Movie",2017,"SGP","Action",5.5,2.8,"tt7469978",135,5.2,147
"sqm091800001h7","Deadpool 2","Movie",2018,"USA","Action",8.1,4.1,"tt5463162",119,7.8,348735
"sqm091800002h7","Solo: A Star Wars Story","Movie",2018,"USA","Action",7.2,3.6,"tt3778644",135,7,204796
"sqm091800003h7","I Feel Pretty","Movie",2018,"USA","Comedy",4.8,2.4,"tt6791096",110,5.4,34568
"sqm091800004m4","Mary and the Witch's Flower","Movie",2017,"JPN","Family",6.8,3.4,"tt6336356",103,6.8,7581
"sqm091800005m4","American Animals","Movie",2018,"GBR","Drama",7.6,3.8,"tt6212478",116,7,25532
"sqm091800006m4","The Seagull","Movie",2018,"USA","Drama",6.1,3.1,"tt4682136",98,5.8,1449
"sqm091800007m4","Life of the Party","Movie",2018,"USA","Comedy",5.5,2.8,"tt5619332",105,5.5,22291
"sqm091800008m4","Beast","Movie",2018,"GBR","Drama",7.1,3.6,"tt6463468",60,5.7,13
"sqm091800013m4","White Fang","Movie",2018,"FRA","Animation",6.3,3.2,"tt5222768",85,7,1637
"sqm091800014m4","Taxi 5","Movie",2018,"FRA","Action",5.3,2.7,"tt7238392",102,4.7,5321
"sqm091800015m4","Place publique","Movie",2018,"FRA","Comedy",6.2,3.1,"tt6972372",98,6,468
"sqm091800016m4","Rolling to You","Movie",2018,"FRA","Comedy",5.9,3,"tt6838702",107,6.5,2399
"sqm091800017m4","This Crazy Heart","Movie",2017,"DEU","Comedy",6.6,3.3,"tt6175820",104,7.1,1136
"sqm091800021m4","Strawberry Days","Movie",2017,"SWE","Drama",6.6,3.3,"tt4898602",93,6.5,218
"sqm091800023m4","Dude's Manual","Movie",2018,"CHN","Comedy",6.5,3.3,"tt8319694",105,2.4,69
"sqm091800024m4","The Faces of My Gene","Movie",2018,"CHN","Drama",7.3,3.7,"tt8443556",95,4.8,52
"sqm091800026m4","The Leakers","Movie",2018,"HKG","Action",5.1,2.6,"tt8490838",103,5.4,298
"sqm091800027m4","50 First Kisses","Movie",2017,"JPN","Comedy",6.6,3.3,"tt6916872",114,6.4,189
"sqm091800028m4","My Little Monster","Movie",2018,"JPN","Comedy",8.5,4.3,"tt6893370",NA,7.1,95
"sqm091800030m4","What a Wonderful Family! 3: My Wife, My Life","Movie",2018,"JPN","Comedy",7.2,3.6,"tt7493808",123,7.1,124
"sqm091800032m4","Home","Movie",2018,"KOR","Drama",0,0,"tt8601408",71,9,24
"sqm091800033m4","Unexpectedly Yours","Movie",2017,"PHL","Comedy",7.4,3.7,"tt7686876",120,6.7,105
"sqm091800034m4","Tazzeka","Movie",2018,"FRA","Comedy",0,0,"tt5227512",95,7.7,19
"sqm091800037m4","Shaadi Mein Zaroor Aana","Movie",2017,"IND","Family",7.9,4,"tt7469726",137,7.7,8957
"sqm091800039m4","Chitthi","Movie",2018,"IND","Comedy",8.6,4.3,"tt7848100",102,8.1,21
"sqm091800040m4","Haami","Movie",2018,"IND","Drama",8.4,4.2,"tt8364356",133,8.1,540
"sqm091800041m4","Punjab Singh","Movie",2018,"IND","Drama",6.7,3.4,"tt7860284",150,6.1,13
"sqm091800077m4","Get Out","Movie",2017,"USA","Thriller",7.7,3.9,"tt5052448",104,7.7,368432
"sqm091800078m4","The Hurt Locker","Movie",2008,"USA","Action/Drama",7.6,3.8,"tt0887912",131,7.6,386750
"sqm091800079m4","Seven Pounds","Movie",2008,"USA","Drama",7.6,3.8,"tt0814314",123,7.6,265003
"sqm091800080m4","October Sky","Movie",1999,"USA","Family",7.8,3.9,"tt0132477",108,7.8,74145
"sqm091800081m4","Into the Wild","Movie",2007,"USA","Drama",8.1,4.1,"tt0758758",148,8.1,517041
"sqm101800001m4","Jurassic World: Fallen Kingdom","Movie",2018,"United States of America(USA)","Action",6.6,3.3,"tt4881806",128,6.2,198212
"sqm101800006m4","Uncle Drew","Movie",2018,"United States of America(USA)","Comedy",5.7,2.9,"tt7334528",103,5.7,8305
"sqm101800007m4","Annihilation","Movie",2018,"United States of America(USA)","Thriller",7,3.5,"tt2798920",115,6.9,211773
"sqm101800008m4","Leave No Trace","Movie",2018,"United States of America(USA)","Drama",7.7,3.9,"tt3892172",109,7.2,27810
"sqm101800010m4","Hearts Beat Loud","Movie",2018,"United States of America(USA)","Drama",7.1,3.6,"tt7158430",97,6.9,5399
"sqm101800011m4","The Catcher Was a Spy","Movie",2018,"United States of America(USA)","Drama",6,3,"tt4602066",98,6.1,3786
"sqm101800013m4","The Guernsey Literary and Potato Peel Pie Society","Movie",2018,"United Kingdom of Great Britain and Northern Ireland(GBR)","Drama",7.1,3.6,"tt1289403",124,7.4,19642
"sqm101800014m4","The Mercy","Movie",2018,"United Kingdom of Great Britain and Northern Ireland(GBR)","Drama",6,3,"tt3319730",112,6,4738
"sqm101800015m4","At War","Movie",2018,"France(FRA)","Drama",6.8,3.4,"tt7555774",113,7,650
"sqm101800016m4","Keep an Eye Out","Movie",2018,"France(FRA)","Comedy",6.9,3.5,"tt7156222",73,6.8,1573
"sqm101800017m4","Mr. Know-It-All","Movie",2018,"France(FRA)","Comedy",6.6,3.3,"tt7305366",99,6.6,346
"sqm101800019m4","There Is No Place Like Home","Movie",2018,"Italy(ITA)","Comedy",6,3,"tt7105944",105,6.1,1153
"sqm101800020m4","Animal","Movie",2018,"Argentina(ARG)","Drama",6.5,3.3,"tt7538958",112,6.3,815
"sqm101800023m4","Eternal Wave","Movie",2017,"China(CHN)","Drama",5.5,2.8,"tt7628068",100,5.7,70
"sqm101800025m4","How Long Will I Love U","Movie",2018,"China(CHN)","Comedy",6.5,3.3,"tt8404272",101,6.5,542
"sqm101800026m4","Omotenashi","Movie",2018,"Taiwan, Province of China(TWN)","Drama",7.4,3.7,"tt5921100",96,7,62
"sqm101800030m4","The Unity of Heroes","Movie",2018,"China(CHN)","Martial Arts",0,0,"tt8787116",104,5.4,183
"sqm101800032m4","Detective Conan: Zero the Enforcer","Movie",2018,"Japan(JPN)","Animation",7.8,3.9,"tt7880466",115,6.1,667
"sqm101800034m4","Rainbow Days","Movie",2018,"Japan(JPN)","Drama",0,0,"tt7493804",109,7.4,51
"sqm101800035m4","Bhavesh Joshi Superhero","Movie",2018,"India(IND)","Action",7.6,3.8,"tt6129302",154,7.6,3958
"sqm101800036m4","Ittefaq","Movie",2017,"India(IND)","Thriller",7.2,3.6,"tt6692354",105,7.2,7875
"sqm101800037m4","Secret Superstar","Movie",2017,"India(IND)","Family",8.1,4.1,"tt6108090",150,8,15647
"sqm101800038m4","Mersal","Movie",2017,"India(IND)","Action",8.2,4.1,"tt6485666",172,8,21638
"sqm101800039m4","Dr. Nawariyan","Movie",2017,"Sri Lanka(LKA)","Family",7.4,3.7,"tt7730042",120,7.1,26
"sqm101800041m4","Mayaanadhi","Movie",2017,"India(IND)","Drama",8,4,"tt6915596",136,7.9,1483
"sqm101800042m4","Sudani from Nigeria","Movie",2018,"India(IND)","Comedy",8.6,4.3,"tt7581572",123,8.3,1669
"sqm101800043m4","Tagaru","Movie",2018,"India(IND)","Action",8.4,4.2,"tt7938336",129,8.3,794
"sqm101800047m4","Go-Go Sisters","Movie",2018,"Viet Nam(VNM)","Comedy",7.7,3.9,"tt8081638",118,7.5,206
"sqm101800049m4","The Incredibles","Movie",2004,"United States of America(USA)","Family",8,4,"tt0317705",115,8,587923
"sqm101800050m4","Megamind","Movie",2010,"United States of America(USA)","Family",7.3,3.7,"tt1001526",95,7.3,204004
"sqm101800051m4","The Road to El Dorado","Movie",2000,"United States of America(USA)","Family",6.9,3.5,"tt0138749",89,6.9,73755
"sqm101800052m4","Song of the Sea","Movie",2014,"Ireland(IRL)","Family",8.1,4.1,"tt1865505",93,8.1,42399
"sqm101800053m4","Anastasia (1997)","Movie",1997,"United States of America(USA)","Family",7.1,3.6,"tt0118617",94,7.1,101469
"sqm101800054m4","Tarzan (1999)","Movie",1999,"United States of America(USA)","Family",7.2,3.6,"tt0120855",88,7.3,177674
"sqm101800055m4","Hugo","Movie",2011,"United States of America(USA)","Drama",7.5,3.8,"tt0970179",126,7.5,281495
"sqm101800057m4","Gosford Park","Movie",2001,"United States of America(USA)","Comedy",7.3,3.7,"tt0280707",131,7.3,72594
"sqm101800058m4","Notes on a Scandal","Movie",2006,"United States of America(USA)","Drama",7.4,3.7,"tt0465551",92,7.4,70453
"sqm101800059m4","Babel","Movie",2006,"United States of America(USA)","Drama",7.5,3.8,"tt0449467",143,7.5,270755
"sqm101800060m4","The Illusionist (2006)","Movie",2006,"United States of America(USA)","Drama",7.6,3.8,"tt0443543",110,7.6,334061
"sqm101800061m4","The Prestige","Movie",2006,"United States of America(USA)","Drama",8.5,4.3,"tt0482571",130,8.5,1044100
"sqm101800062m4","Moon (2009)","Movie",2009,"United Kingdom of Great Britain and Northern Ireland(GBR)","Action",7.9,4,"tt1182345",97,7.9,308100
"sqm101800063m4","Jurassic World","Movie",2015,"United States of America(USA)","Action",7,3.5,"tt0369610",124,7,529250
"sqm101800064m4","Ocean's Eleven","Movie",2001,"United States of America(USA)","Comedy",7.8,3.9,"tt0240772",116,7.8,467862
"sqm101800065m4","Now You See Me","Movie",2013,"United States of America(USA)","Action",7.3,3.7,"tt1670345",115,7.3,544425
"sqm101800066m4","Inception","Movie",2010,"United States of America(USA)","Action",8.8,4.4,"tt1375666",148,8.8,1800281
"sqm101800067m4","How to Steal a Million (1966)","Movie",1966,"United States of America(USA)","Comedy",7.6,3.8,"tt0060522",123,7.6,21768
"sqm101800068m4","Singin' in the Rain (1952)","Movie",1952,"United States of America(USA)","Family",8.3,4.2,"tt0045152",103,8.3,192082
"sqm101800069m4","The Diving Bell and the Butterfly","Movie",2007,"France(FRA)","Drama",8,4,"tt0401383",112,8,97803
"sqm101800072m4","Holy Motors","Movie",2012,"France(FRA)","Drama",7.1,3.6,"tt2076220",115,7.1,36228
"sqm101800074m4","The China Hustle","Movie",2017,"United States of America(USA)","Documentary",7.1,3.6,"tt7215388",82,7.1,1470
"sqm101800075m4","Robin Williams: Come Inside My Mind","Movie",2018,"United States of America(USA)","Documentary",8.1,4.1,"tt7689966",116,8,4379
"sqm101800002h7","Incredibles 2","Movie",2018,"United States of America(USA)","Family",8.2,4.1,"tt3606756",118,7.8,177437
"sqm101800005h7","Tag","Movie",2018,"United States of America(USA)","Comedy",6.9,3.5,"tt2854926",100,6.6,71918
"sqm101800083m4","Fight Back to School","Movie",1991,"China(CHN)","Drama",7.1,3.6,"tt0103045",100,7.1,2904
"sqm101800084m4","Rangeela","Movie",1995,"India(IND)","Comedy",7.5,3.8,"tt0114234",142,7.5,7989
"sqm101800085m4","Sing Street","Movie",2016,"Ireland(IRL)","Drama",8,4,"tt3544112",106,8,72589
"sqm101800086m4","Ocean's Twelve","Movie",2004,"United States of America(USA)","Comedy",6.5,3.3,"tt0349903",125,6.5,327222
"sqm101800087m4","Ocean's Thirteen","Movie",2007,"United States of America(USA)","Comedy",6.9,3.5,"tt0496806",122,6.9,293769
"sqm101800088m4","Back to the Future","Movie",1985,"United States of America(USA)","Comedy",8.5,4.3,"tt0088763",116,8.5,913693
"sqm101800092m4","Indiana Jones and the Temple of Doom","Movie",1984,"Belgium(BEL)","Action",7.6,3.8,"tt0087469",118,7.6,397514
"sqm101800093m4","Indiana Jones and the Last Crusade","Movie",1989,"United States of America(USA)","Action",8.3,4.2,"tt0097576",127,8.2,621923
"sqm101800094m4","Indiana Jones and the Kingdom of the Crystal Skull","Movie",2008,"United States of America(USA)","Action",6.2,3.1,"tt0367882",122,6.2,386561
"sqm101800095m4","The Terminator (1984)","Movie",1984,"United States of America(USA)","Action",8,4,"tt0088247",107,8,716623
"sqm101800096m4","Terminator 2: Judgment Day","Movie",1991,"United States of America(USA)","Action",8.5,4.3,"tt0103064",137,8.5,890157
"sqm101800097m4","Terminator 3: Rise of the Machines","Movie",2003,"United States of America(USA)","Action",6.3,3.2,"tt0181852",109,6.3,344486
"sqm101800098m4","Terminator Salvation","Movie",2009,"United States of America(USA)","Action",6.6,3.3,"tt0438488",115,6.6,316762
"sqm101800099m4","Terminator Genisys","Movie",2015,"United States of America(USA)","Action",6.5,3.3,"tt1340138",126,6.4,229789
"sqm101800100m4","The Bourne Identity","Movie",2002,"United States of America(USA)","Action",7.9,4,"tt0258463",119,7.9,469195
"sqm101800101m4","The Bourne Supremacy","Movie",2004,"United States of America(USA)","Action",7.8,3.9,"tt0372183",108,7.8,402418
"sqm101800102m4","The Bourne Ultimatum","Movie",2007,"United States of America(USA)","Action",8,4,"tt0440963",115,8,575285
"sqm101800103m4","The Bourne Legacy","Movie",2012,"United States of America(USA)","Action",6.7,3.4,"tt1194173",135,6.7,265365
"sqm101800104m4","Jason Bourne","Movie",2016,"United States of America(USA)","Action",6.6,3.3,"tt4196776",123,6.6,186912
"sqm111800001h7","Ant-Man and the Wasp","Movie",2018,"USA","Action",7.5,3.8,"tt5095030",118,7.1,195891
"sqm111800003h7","The Meg","Movie",2018,"USA","Action",6.2,3.1,"tt4779682",113,5.7,97750
"sqm111800004m4","Mamma Mia! Here We Go Again","Movie",2018,"GBR","Comedy",7.3,3.7,"tt6911608",114,6.8,52862
"sqm111800005m4","Skyscraper","Movie",2018,"USA","Action",6.1,3.1,"tt5758778",102,5.9,70339
"sqm111800006m4","The Equalizer 2","Movie",2018,"USA","Action",7.1,3.6,"tt3766354",121,6.8,83687
"sqm111800007m4","Sicario: Day of the Soldado","Movie",2018,"USA","Drama",7.3,3.7,"tt5052474",122,7.1,83684
"sqm111800008m4","The Spy Who Dumped Me","Movie",2018,"USA","Comedy",6.4,3.2,"tt6663582",117,6,41033
"sqm111800009m4","Teen Titans Go! To the Movies","Movie",2018,"USA","Family",6.9,3.5,"tt7424200",84,6.8,10829
"sqm111800010m4","The Darkest Minds","Movie",2018,"USA","Thriller",4.8,2.4,"tt4073790",104,5.7,18263
"sqm111800011m4","Puzzle","Movie",2018,"USA","Drama",6.8,3.4,"tt6933454",103,6.8,2780
"sqm111800013m4","Siberia","Movie",2018,"USA","Thriller",4.4,2.2,"tt6494418",104,4.3,7446
"sqm111800016m4","Return of the Hero","Movie",2018,"FRA","Comedy",6.4,3.2,"tt7064498",90,6.4,1875
"sqm111800017m4","303","Movie",2018,"DEU","Drama",8,4,"tt5451118",145,7.8,1917
"sqm111800018m4","Jim Button and Luke the Engine Driver","Movie",2018,"DEU","Family",6.7,3.4,"tt3072732",110,6.4,966
"sqm111800019m4","Dogman","Movie",2018,"ITA","Drama",7.7,3.9,"tt6768578",103,7.3,9768
"sqm111800020m4","Sara's Notebook","Movie",2018,"ESP","Thriller",6,3,"tt6599742",115,6,1695
"sqm111800022m4","The Guilty","Movie",2018,"Denmark","Thriller",7.9,4,"tt6742252",85,7.6,17968
"sqm111800024m4","Animal World","Movie",2018,"CHN","Action",6.5,3.3,"tt7946836",132,6.5,2130
"sqm111800025m4","Detective Dee: The Four Heavenly Kings","Movie",2018,"CHN","Action",6.4,3.2,"tt6869538",132,6.3,1304
"sqm111800026m4","Forever Young","Movie",2018,"CHN","Drama",6.4,3.2,"tt2401825",150,6.5,631
"sqm111800027m4","Lobster Cop","Movie",2018,"CHN","Comedy",4.8,2.4,"tt8489090",94,5.1,83
"sqm111800028m4","The Forest of Wool and Steel","Movie",2018,"JPN","Drama",6.7,3.4,"tt6340698",134,6.7,61
"sqm111800030m4","One Cut of the Dead","Movie",2017,"JPN","Comedy",7.9,4,"tt7914416",96,7.9,4497
"sqm111800031m4","Shoplifters","Movie",2018,"JPN","Drama",8.1,4.1,"tt8075192",121,8.1,15514
"sqm111800032m4","Angrezi Mein Kehte Hain","Movie",2018,"IND","Drama",7,3.5,"tt6613812",104,6.8,794
"sqm111800033m4","Tumhari Sulu","Movie",2017,"IND","Comedy",7,3.5,"tt6791730",150,7,3676
"sqm111800034m4","Bhaskar Oru Rascal","Movie",2018,"IND","Action",4.5,2.3,"tt7088032",152,4.7,191
"sqm111800035m4","Thiruttu Payale 2","Movie",2017,"IND","Thriller",6.8,3.4,"tt7505152",147,6.8,498
"sqm111800039m4","Ranangan","Movie",2018,"IND","Drama",5.5,2.8,"tt8396318",131,5.3,37
"sqm111800040m4","The Spy Gone North","Movie",2018,"KOR","Drama",6.5,3.3,"tt8290698",137,7.2,974
"sqm111800041m4","Love+Sling","Movie",2018,"KOR","Comedy",6.8,3.4,"tt7299346",110,6.1,89
"sqm111800045m4","Frankenweenie","Movie",2012,"USA","Family",7,3.5,"tt1142977",87,7,87930
"sqm111800046m4","Hercules","Movie",1997,"USA","Family",7.3,3.7,"tt0119282",93,7.3,177989
"sqm111800047m4","Nanny McPhee","Movie",2005,"USA","Family",6.6,3.3,"tt0396752",97,6.6,60537
"sqm111800048m4","Ant-Man","Movie",2015,"USA","Action",7.3,3.7,"tt0478970",117,7.3,474148
"sqm111800049m4","Mission: Impossible - Ghost Protocol","Movie",2011,"USA","Action",7.4,3.7,"tt1229238",132,7.4,422289
"sqm111800050m4","Mission: Impossible - Rogue Nation","Movie",2015,"USA","Action",7.4,3.7,"tt2381249",131,7.4,305263
"sqm111800051m4","The Equalizer","Movie",2014,"USA","Action",7.2,3.6,"tt0455944",132,7.2,295226
"sqm111800052m4","Sicario","Movie",2015,"USA","Action",7.6,3.8,"tt3397884",121,7.6,320422
"sqm111800053m4","Mamma Mia!","Movie",2008,"USA","Comedy",6.4,3.2,"tt0795421",108,6.4,188076
"sqm111800055m4","Fences","Movie",2016,"USA","Drama",7.2,3.6,"tt2671706",139,7.2,83837
"sqm111800056m4","Erin Brockovich","Movie",2000,"USA","Drama",7.3,3.7,"tt0195685",131,7.3,156556
"sqm111800057m4","The Immigrant","Movie",2013,"USA","Drama",6.6,3.3,"tt1951181",120,6.6,26169
"sqm111800058m4","The Big Short","Movie",2015,"USA","Drama",7.8,3.9,"tt1596363",130,7.8,300939
"sqm111800059m4","The Lady in the Van","Movie",2015,"GBR","Drama",6.7,3.4,"tt3722070",104,6.7,22335
"sqm111800060m4","Gigi (1958)","Movie",1958,"USA","Comedy",6.8,3.4,"tt0051658",115,6.8,17486
"sqm111800061m4","On the Waterfront (1954)","Movie",1954,"USA","Drama",8.2,4.1,"tt0047296",108,8.2,126663
"sqm111800062m4","From Here to Eternity (1953)","Movie",1953,"USA","Drama",7.7,3.9,"tt0045793",118,7.7,38946
"sqm111800063m4","So Young","Movie",2013,"CHN","Drama",6.4,3.2,"tt2765340",131,6.4,1771
"sqm111800065m4","A Ghost of a Chance","Movie",2011,"JPN","Comedy",7.1,3.6,"tt1677603",142,7,793
"sqm111800066m4","Paprika","Movie",2006,"JPN","Animation",7.7,3.9,"tt0851578",90,7.7,59477
"sqm111800067m4","Mother","Movie",2009,"KOR","Thriller",7.8,3.9,"tt1216496",129,7.8,36268
"sqm111800068m4","Queen of Walking","Movie",2016,"KOR","Comedy",6.4,3.2,"tt6450044",94,6.2,58
"sqm111800069m4","My Love Sinema","Movie",2016,"SGP","Drama",6.5,3.3,"tt5665940",90,6.6,24
"sqm111800070m4","My Magic","Movie",2008,"SGP","Drama",6.4,3.2,"tt1233329",75,6.5,269
"sqm111800073m4","Half the Picture","Movie",2018,"USA","Documentary",6.9,3.5,"tt5713994",94,6.6,148
"sqm111800074m4","Strokes of Genius","Movie",2018,"USA","Documentary",8,4,"tt8638420",98,8.1,544
"sqm111800075m4","All the Wild Horses","Movie",2017,"MNG","Documentary",8.6,4.3,"tt2636480",90,8.5,72
"sqm111800081m4","An American in Paris: The Musical","Movie",2018,"GBR","Musical",8.1,4.1,"tt7877016",160,8.3,151
"sqm071800010m4","Gemini","Movie",2017,"USA","Thriller",6.2,3.1,"tt5795086",93,5.5,3270
"sqm091800029m4","Recall","Movie",2018,"JPN","Drama",8.5,4.3,"tt3754662",73,3.2,104
"sqm091800031m4","Champion","Movie",2018,"KOR","Drama",6.4,3.2,"tt9124428",130,8.5,3156
"sqm101800044m4","Believer","Movie",2018,"Korea (Republic of)(KOR)","Action",6.1,3.1,"tt7095654",123,6.3,765
"sqm111800054m4","Begin Again","Movie",2013,"USA","Drama",7.4,3.7,"tt1980929",104,7.4,127676
"sqm121800031m4","Just a Breath Away","Movie",2018,NA,"Sci-Fi",NA,NA,"tt5092380",89,5.9,2878
"sqm121800003m4","Love Actually","Movie",2003,NA,"Comedy",NA,NA,"tt0314331",135,7.6,381834
"sqm121800022h7","The Predator","Movie",2018,NA,"Action",NA,NA,"tt3829266",107,5.4,83481
"sqm121800026m4","Papillon","Movie",2017,NA,"Crime",NA,NA,"tt5093026",133,7.1,26062
"sqm121800019m4","BlacKkKlansman","Movie",2018,NA,"Biography",NA,NA,"tt7349662",135,7.5,107801
"sqm121800001m4","Daddy's Home 2","Movie",2017,NA,"Comedy",NA,NA,"tt5657846",100,6,45984
"sqm121800021m4","Searching","Movie",2018,NA,"Drama",NA,NA,"tt7668870",102,7.7,80113
"sqm121800024m4","Sorry to Bother You","Movie",2018,NA,"Comedy",NA,NA,"tt5688932",111,7,33837
"sqm121800060m4","Monstrum","Movie",2005,NA,"Sci-Fi",NA,NA,"tt0412412",103,5.1,515
"sqm121800017h7","Crazy Rich Asians","Movie",2018,NA,"Comedy",NA,NA,"tt3104988",120,7,78885
"sqm121800084m4","Arrival","Movie",2016,NA,"Drama",NA,NA,"tt2543164",116,7.9,496784
"sqm121800030m4","The New Romantic","Movie",2018,NA,"Comedy",NA,NA,"tt7456534",82,5.8,497
"sqm121800068m4","Cloudy With A Chance Of Meatballs","Movie",2013,NA,"Action",NA,NA,"tt1985966",95,6.4,79280
"sqm121800065m4","Arthur Christmas","Movie",2011,NA,"Adventure",NA,NA,"tt1430607",97,7.1,44906
"sqm121800077m4","The Descendants","Movie",2011,NA,"Comedy",NA,NA,"tt1033575",115,7.3,221956
"sqm121800039m4","Genghis Khan","Movie",1965,NA,"Adventure",NA,NA,"tt0059219",120,6,1784
"sqm121800023m4","Mile 22","Movie",2018,NA,"Action",NA,NA,"tt4560436",94,6.1,41356
"sqm121800020m4","Alpha","Movie",2018,NA,"Adventure",NA,NA,"tt4244998",96,6.7,35791
"sqm121800042m4","L Storm","Movie",2018,NA,"Action",NA,NA,"tt8031554",90,6,266
"sqm121800052m4","Happy Phirr Bhag Jayegi","Movie",2018,NA,"Comedy",NA,NA,"tt7881542",136,4.5,787
"sqm121800009m4","Indochina","Movie",1992,NA,"Drama",NA,NA,"tt0104507",159,7.1,8425
"sqm121800038m4","Big Brother","Movie",2018,NA,"Action",NA,NA,"tt7336572",101,6.3,962
"sqm121800046m4","Gintama 2:  Rules Are Made To Be Broken","Movie",2018,NA,"Action",NA,NA,"tt7639528",134,6.6,334
"sqm121800018h7","Christopher Robin","Movie",2018,NA,"Adventure",NA,NA,"tt4575576",104,7.4,42072
"sqm121800061m4","On Your Wedding Day","Movie",2018,NA,"Romance",NA,NA,"tt7938092",110,6.9,591
"sqm121800072m4","Predator","Movie",1987,NA,"Action",NA,NA,"tt0093773",107,7.8,340553
"sqm121800050m4","Aiyaary","Movie",2018,NA,"Action",NA,NA,"tt6774212",157,5.2,3159
"sqm121800066m4","The Polar Express","Movie",2004,NA,"Adventure",NA,NA,"tt0338348",100,6.6,153649
"sqm121800025m4","The Children Act","Movie",2017,NA,"Drama",NA,NA,"tt6040662",105,6.7,5811
"sqm121800067m4","Storks","Movie",2016,NA,"Adventure",NA,NA,"tt4624424",87,6.8,49299
"sqm121800047m4","Life in Overtime","Movie",2018,NA,"Comedy",NA,NA,"tt7019806",125,7.2,29
"sqm121800048m4","My Dad is a Heel Wrestler","Movie",NA,NA,NA,NA,NA,"tt7295568",NA,NA,NA
"sqm121800034m4","In the Aisles","Movie",1984,NA,"Documentary",NA,NA,"tt0088249",84,6.4,1593
"sqm121800036m4","The Girl in the Fog","Movie",2017,NA,"Crime",NA,NA,"tt6892400",128,6.8,4339
"sqm121800011m4","Parched","Movie",2015,NA,"Drama",NA,NA,"tt3043252",116,7.6,3968
"sqm121800064m4","The Nightmare Before Christmas","Movie",1993,NA,"Animation",NA,NA,"tt0107688",76,8,265077
"sqm121800079m4","Hairspray","Movie",2007,NA,"Comedy",NA,NA,"tt0427327",117,6.7,111437
"sqm121800045m4","The Way of the Bug","Movie",2018,NA,"Comedy",NA,NA,"tt8793220",99,4.4,15
"sqm121800074m4","Pick of the Litter","Movie",2018,NA,"Documentary",NA,NA,"tt5644050",81,7.6,439
"sqm121800004m4","Elf","Movie",2003,NA,"Comedy",NA,NA,"tt0319343",97,6.9,188904
"sqm121800069m4","The Lion King","Movie",1994,NA,"Adventure",NA,NA,"tt0110357",88,8.5,814667
"sqm121800040m4","House of the Rising Sons","Movie",2018,NA,"Biography",NA,NA,"tt8638638",100,5.9,35
"sqm121800085m4","Jackie","Movie",2016,NA,"Biography",NA,NA,"tt1619029",100,6.7,64430
"sqm121800073m4","Predators","Movie",2010,NA,"Action",NA,NA,"tt1424381",107,6.4,197077
"sqm121800028m4","The Man Who Invented Christmas","Movie",2017,NA,"Biography",NA,NA,"tt6225520",104,7,9004
"sqm121800033m4","Raising Colors","Movie",2018,NA,"Drama",NA,NA,"tt7146578",101,5.7,179
"sqm121800027m4","The Wife","Movie",2017,NA,"Drama",NA,NA,"tt3750872",99,7.3,15560
"sqm121800078m4","The Nice Guys","Movie",2016,NA,"Action",NA,NA,"tt3799694",116,7.4,233045
"sqm121800054m4","Abrahaminte Santhathikal","Movie",2018,NA,"Action",NA,NA,"tt7345930",131,7.8,4123
"sqm121800006m4","The Queen","Movie",2006,NA,"Biography",NA,NA,"tt0436697",103,7.3,96820
"sqm121800053m4","Junga","Movie",2018,NA,"Action",NA,NA,"tt7483340",156,5.4,614
"sqm121800029m4","An American in Paris: The Musical","Movie",2018,NA,"Musical",NA,NA,"tt7877016",160,8.3,151
"sqm121800049m4","Think Again, Junpei","Movie",NA,NA,NA,NA,NA,"tt8554256",NA,NA,NA
"sqm121800076m4","CinemAbility","Movie",2012,NA,"Documentary",NA,NA,"tt1723128",98,8.4,28
"sqm121800075m4","Far from the Tree","Movie",NA,NA,NA,NA,NA,"tt6022842",NA,NA,NA
"sqm121800082m4","John Wick","Movie",2014,NA,"Action",NA,NA,"tt2911666",101,7.3,418502
"sqm121800051m4","Fukrey Returns","Movie",2017,NA,"Comedy",NA,NA,"tt6712014",141,6.5,3847
"sqm121800041m4","The Island","Movie",2005,NA,"Action",NA,NA,"tt0399201",136,6.9,286046
"sqm121800180m4","Gwen Stefani: You Make It Feel Like Christmas","Movie",NA,NA,NA,NA,NA,"tt7741590",NA,NA,NA
"sqm121800043m4","Long Time No Sea","Movie",2018,NA,"Drama",NA,NA,"tt7475882",96,7.4,26
"sqm121800035m4","Playmaker","Movie",1994,NA,"Drama",NA,NA,"tt0110849",91,5.4,365
"sqm121800059m4","Along with the Gods: The last 49 days","Movie",2018,NA,"Action",NA,NA,"tt8116428",142,7,2822
"sqm121800070m4","Winnie the Pooh","Movie",2011,NA,"Adventure",NA,NA,"tt1449283",63,7.2,19182
"sqm121800008m4","The Wizard of Oz (1939)","Movie",NA,NA,NA,NA,NA,"tt0032138",NA,NA,NA
"sqm121800080m4","Bernie","Movie",2011,NA,"Biography",NA,NA,"tt1704573",99,6.8,53236
"sqm121800002m4","Daddy's Home","Movie",2015,NA,"Comedy",NA,NA,"tt1528854",96,6.1,94400
"sqm121800092m4","Dallas Buyers Club","Movie",2013,NA,"Biography",NA,NA,"tt0790636",117,8,396423
"sqm121800081m4","Smallfoot","Movie",2018,NA,"Adventure",NA,NA,"tt6182908",96,6.7,19118
"sqm121800071m4","James and the Giant Peach","Movie",1996,NA,"Adventure",NA,NA,"tt0116683",79,6.7,55537
"sqm121800007m4","It's a Wonderful Life","Movie",1946,NA,"Drama",NA,NA,"tt0038650",130,8.6,349802
"sqm121800005m4","Spotlight","Movie",2015,NA,"Crime",NA,NA,"tt1895587",129,8.1,354603
"sqm121800089m4","TRON: Legacy","Movie",2010,NA,"Action",NA,NA,"tt1104001",125,6.8,292691
"sqm121800056m4","Balu Mahi","Movie",2017,NA,"Adventure",NA,NA,"tt5370442",150,6.6,467
"sqm121800094m4","Brooklyn","Movie",2015,NA,"Drama",NA,NA,"tt2381111",117,7.5,114678
"sqm121800093m4","Carol","Movie",2015,NA,"Drama",NA,NA,"tt2402927",118,7.2,98108
"sqm121800090m4","8 Mile","Movie",2002,NA,"Drama",NA,NA,"tt0298203",110,7.1,224996
"sqm121800058m4","Nikka Zaildar 2","Movie",2017,NA,"Comedy",NA,NA,"tt7370188",150,6.8,290
"sqm121800083m4","John Wick: Chapter 2","Movie",2017,NA,"Action",NA,NA,"tt4425200",122,7.5,261310
"sqm121800086m4","Elle","Movie",2016,NA,"Crime",NA,NA,"tt3716530",130,7.2,53313
"sqm121800087m4","Speed","Movie",1994,NA,"Action",NA,NA,"tt0111257",116,7.2,298146
"sqm071800013m4","Finding Mom (Momo)","Movie",2017,"FRA","Comedy",4.8,2.4,"tt6556552",85,4.6,385
"sqm071800031m4","Ana Anak Ibu","Movie",2017,"MYS","Drama",0,0,"tt4497416",NA,NA,NA
"sqm071800040m4","Krazzy Tabbar","Movie",2017,"IND","Comedy",5.3,2.7,"tt7154282",118,5.8,54
"sqm081800019m4","You & Me XXX","Movie",2017,"THA","Drama",0,0,"tt4595882",106,7.2,13332
"sqm081800025m4","Somewhere Beyond the Mist","Movie",2018,"HKG","Drama",6,3,"tt7757028",86,5.8,109
"sqm081800027m4","Kids On The Slope","Movie",2018,"JPN","Drama",7.9,4,"tt6835804",120,7.1,284
"sqm081800033m4","Be With You","Movie",2018,"KOR","Drama",0,0,"tt8092252",132,7.5,1830
"sqm091800009m4","Please Stand By","Movie",2018,"USA","Comedy",6.7,3.4,"tt4652650",93,6.7,7594
"sqm091800010m4","How to Talk to Girls at Parties","Movie",2018,"GBR","Comedy",7.6,3.8,"tt3859310",102,5.8,6433
"sqm091800011m4","Little Pink House","Movie",2018,"CAN","Drama",5.9,3,"tt3863632",98,6.5,457
"sqm091800012m4","Edie","Movie",2018,"GBR","Drama",6.5,3.3,"tt3823098",102,6.5,601
"sqm091800018m4","Blessed Madness","Movie",2018,"ITA","Comedy",6,3,"tt7022404",110,5.9,750
"sqm091800022m4","Always Be With You","Movie",2017,"HKG","Thriller",5.6,2.8,"tt7469972",98,5.9,317
"sqm091800025m4","I am Your Mom","Movie",2018,"CHN","Comedy",4.9,2.5,"tt8399698",103,4.6,22
"sqm091800035m4","Baadshaho","Movie",2017,"IND","Action",5,2.5,"tt4906960",136,5,3720
"sqm091800036m4","Hotel Salvation (Mukti Bhawan)","Movie",2017,"IND","Comedy",7.2,3.6,"tt5997928",102,7.2,1305
"sqm091800038m4","Bharat Ennum Naan","Movie",2018,"IND","Thriller",0,0,"tt6980546",173,8,12852
"sqm101800004m4","Hotel Transylvania 3","Movie",2018,"United States of America(USA)","Family",6.4,3.2,"tt5220122",97,6.3,36713
"sqm101800009m4","You Were Never Really Here","Movie",2018,"United Kingdom of Great Britain and Northern Ireland(GBR)","Thriller",6.9,3.5,"tt5742374",89,6.8,64142
"sqm101800012m4","The Escape","Movie",2018,"United Kingdom of Great Britain and Northern Ireland(GBR)","Drama",5.8,2.9,"tt0057115",172,8.2,201983
"sqm101800024m4","GATAO 2- The New Leader Rising","Movie",2018,"Taiwan, Province of China(TWN)","Drama",6.7,3.4,"tt8324576",127,6,183
"sqm101800027m4","Shed Skin Papa","Movie",2018,"Hong Kong(HKG)","Drama",5.8,2.9,"tt6135054",100,5.9,51
"sqm101800028m4","To My 19 Year Old","Movie",2018,"China(CHN)","Drama",0,0,"tt8734578",99,7.3,37
"sqm101800029m4","Two Wrongs Make A Right","Movie",2017,"Hong Kong(HKG)","Comedy",4.4,2.2,"tt7672188",NA,5,47
"sqm101800031m4","After The Rain","Movie",2018,"Japan(JPN)","Drama",8.3,4.2,"tt7637350",112,7.2,282
"sqm101800040m4","GujjuBhai - Most Wanted","Movie",2018,"India(IND)","Comedy",7.6,3.8,"tt7790898",157,7.4,252
"sqm101800045m4","The Accidental Detective 2: In ACTION","Movie",2018,"Korea (Republic of)(KOR)","Action",6.8,3.4,"tt7022500",116,6.4,254
"sqm101800046m4","The Witch: Part 1. The Subversion","Movie",2018,"Korea (Republic of)(KOR)","Action",7.3,3.7,"tt8574252",125,6.7,421
"sqm101800056m4","Lemony Snicket's A Series of Unfortunate Events","Movie",2004,"United States of America(USA)","Family",6.8,3.4,"tt0339291",108,6.8,183036
"sqm101800070m4","Good Bye, Lenin!","Movie",2003,"Germany(DEU)","Comedy",7.7,3.9,"tt0301357",121,7.7,127965
"sqm101800073m4","Above & Beyond Acoustic: Giving Up the Day Job","Movie",2018,"United Kingdom of Great Britain and Northern Ireland(GBR)","Documentary",9.5,4.8,"tt0094602",99,6,25962
"sqm101800003h7","Ocean's 8","Movie",2018,"United States of America(USA)","Comedy",6.4,3.2,"tt5164214",110,6.2,127447
"sqm101800082m4","20, Once Again!","Movie",2015,"China(CHN)","Comedy/Drama",6.7,3.4,"tt4344878",131,6.7,942
"sqm101800089m4","Back to the Future II","Movie",1989,"United States of America(USA)","Comedy",7.8,3.9,"tt0096874",108,7.8,416716
"sqm101800090m4","Back to the Future III","Movie",1990,"United States of America(USA)","Comedy",7.4,3.7,"tt0099088",118,7.4,350663
"sqm101800091m4","Indiana Jones: Raiders of the Lost Ark","Movie",1981,"United States of America(USA)","Action",8.5,4.3,"tt0082971",115,8.5,796071
"sqm111800002h7","Mission: Impossible – Fallout","Movie",2018,"USA","Action",8.4,4.2,"tt4912910",147,7.8,214916
"sqm111800012m4","The House of Tomorrow","Movie",2018,"USA","Drama",7,3.5,"tt5910344",85,6.2,906
"sqm111800014m4","Big Bang","Movie",2018,"FRA","Comedy",0,0,"tt1307873",101,5.5,6618
"sqm111800015m4","Mon ket","Movie",2018,"FRA","Comedy",6.1,3.1,"tt8398768",89,6,348
"sqm111800023m4","About Youth","Movie",2018,"TWN","Romance",0,0,"tt0021493",NA,NA,NA
"sqm111800029m4","Flea-picking Samurai","Movie",2018,"JPN","Comedy",6.9,3.5,"tt7393746",110,6.1,73
"sqm111800036m4","Agnyaathavaasi","Movie",2018,"IND","Action",5.1,2.6,"tt7711342",158,4.9,2288
"sqm111800037m4","Bimba Devi alias Yashodhara","Movie",2018,"LKA","Drama",8.5,4.3,"tt7800040",148,8.4,138
"sqm111800042m4","Sid & Aya: Not A Love Story","Movie",2018,"PHL","Drama",7.8,3.9,"tt0091954",112,7.1,26939
"sqm111800044m4","The Spongebob Movie: Sponge Out of Water","Movie",2015,"USA","Family",6,3,"tt2279373",92,6,42570
"sqm111800064m4","The Magic Hour","Movie",2008,"JPN","Comedy",7.2,3.6,"tt1077089",136,7.3,967
"sqm111800071m4","Mystic River","Movie",2010,"USA","Drama",7.2,3.6,"tt0327056",138,8,384042
"sqm111800072m4","Tombstone for Fireflies","Movie",1988,"JPN","Animation",0,0,"tt0095327",89,8.5,190248
"sqm081800233m4","The 13th KKBOX Music Awards","Movie",2018,"TWN","Arts, Music & Culture",0,4.2,NA,NA,NA,NA
"sqm081800234m4","Norah Jones: Live at Ronnie Scotts","Movie",2018,"GBR","Arts, Music & Culture",0,4.2,NA,NA,NA,NA
"sqm091800214m4","Pavarotti, un'emozione senza fine - 10th Anniversary Concert","Movie",2017,"ITA","Arts, Music & Culture",0,4,NA,NA,NA,NA
"sqm091800215m4","BBC Proms: First Night of the Proms","Movie",2017,"GBR","Arts, Music & Culture",0,4,NA,NA,NA,NA
"sqm091800216m4","Tchaikovsky: Pique Dame","Movie",2016,"DEU","Arts, Music & Culture",0,4,NA,NA,NA,NA
"sqm091800217m4","Pablo Picasso at Pompeii – Parade & Pulcinella","Movie",2017,"SPA","Arts, Music & Culture",0,4,NA,NA,NA,NA
"sqm091800218m4","The Biggest Weekend Part 1 - Ed Sheeran , Chvrches, Shawn Mendes…","Movie",2018,"GBR","Arts, Music & Culture",7,3.5,NA,NA,NA,NA
"sqm091800219m4","The Biggest Weekend Part 2 - Sam Smith, Demi Lovato, Beck, 30 Seconds To Mars, Camila Cabello","Movie",2018,"GBR","Arts, Music & Culture",7,3.5,NA,NA,NA,NA
"sqm091800220m4","Golden Melody Awards 2018金曲獎GMA","Movie",2018,"TAI","Arts, Music & Culture",0,0,NA,NA,NA,NA
"sqm101800272m4","2018 hito流行音樂頒獎 2018 hito Music Awards","Movie",2018,"Taiwan, Province of China(TWN)","Arts, Music & Culture",0,4,NA,NA,NA,NA
"sqm101800273m4","The Isle of Wight 2018","Movie",2018,"United Kingdom of Great Britain and Northern Ireland(GBR)","Arts, Music & Culture",0,4,NA,NA,NA,NA
"sqm111800180m4","Andrew Litton & SSO: Beethoven Triple Concerto in C","Movie",2017,"SGP","Arts, Music & Culture",0,4,NA,NA,NA,NA
"sqm111800181m4","Landmarks Live in Concert - The Foo Fighters: The Acropolis / Athens, Greece","Movie",2017,"GBR","Arts, Music & Culture",0,4.2,NA,NA,NA,NA
"sqm121800032m4","The Magic Tuche","Movie",NA,NA,NA,NA,NA,NA,NA,NA,NA
"sqm121800037m4","The Best Summer of My Life","Movie",NA,NA,NA,NA,NA,NA,NA,NA,NA
"sqm071800025m4","Doraemon the Movie: Nobita’s Treasure Island","Movie",2018,"JPN","Animation",0,0,NA,NA,NA,NA
"sqm071800038m4","Billu Rakkhosh","Movie",2017,"IND","Drama",7.1,3.6,NA,NA,NA,NA
"sqm071800041m4","Fein Albi","Movie",2017,"EGY","Comedy",0,0,NA,NA,NA,NA
"sqm081800026m4","Crayon Shinchan the movie: Bakumori! Kung Fu Boys -Ramen Panic-","Movie",2018,"JPN","Comedy",0,0,NA,NA,NA,NA
"sqm081800043m4","Nilanjana","Movie",2017,"LKA","Family",0,0,NA,NA,NA,NA
"sqm081800078m4","15 Shorts","Movie",NA,"SGP","Drama",0,0,NA,NA,NA,NA
"sqm091800019m4","Put Grandma in the Freezer","Movie",2018,"ITA","Comedy",6.2,3.1,NA,NA,NA,NA
"sqm091800020m4","Hopelessly Devout","Movie",2018,"ESP","Comedy",7.1,3.6,NA,NA,NA,NA
"sqm101800018m4","Cloud Whispers","Movie",2018,"Germany(DEU)","Drama",6,3,NA,NA,NA,NA
"sqm101800022m4","Playing Fiancé","Movie",2018,"Poland(POL)","Comedy",5,2.5,NA,NA,NA,NA
"sqm101800048m4","Bath Moubacher","Movie",2017,"Egypt(EGY)","Comedy",0,0,NA,NA,NA,NA
"sqm101800071m4","Go For It! India (Chak De India!)","Movie",2007,"India(IND)","Drama",8.2,4.1,NA,NA,NA,NA
"sqm111800021m4","From Ufa with Love","Movie",2018,"RUS","Comedy",6.6,3.3,NA,NA,NA,NA
"sqm111800038m4","Monkey Baat","Movie",2018,"IND","Family",0,0,NA,NA,NA,NA
"sqm111800043m4","Al Kenz","Movie",2017,"EGY","Action",7.3,3.7,NA,NA,NA,NA
"sqm121800044m4","Monkey King Reloaded","Movie",NA,NA,NA,NA,NA,NA,NA,NA,NA
"sqm081800018m4","London Love Story 2","Movie",2017,"IDN","Drama",0,0,NA,NA,NA,NA
"sqm081800021m4","A Beautiful Moment","Movie",2018,"HKG","Comedy",7.1,3.6,NA,NA,NA,NA
"sqm081800034m4","Omok Girl","Movie",2018,"KOR","Drama",0,0,NA,NA,NA,NA
"sqm101800021m4","Going Vertical","Movie",2017,"Russian Federation(RUS)","Drama",6.7,3.4,NA,NA,NA,NA
"sqm101800033m4","OVER DRIVE","Movie",2018,"Japan(JPN)","Action",7.6,3.8,NA,NA,NA,NA
